baseMean,log2FoldChange,lfcSE,stat,pvalue,padj,geneName,gene
245.602939186095,-0.966996189636928,0.374852455430904,-2.57967148307815,0.00988943444039187,0.134616756629309,1810055G02Rik,1810055G02Rik
2007.08191853671,-0.840544517749533,0.317865026763173,-2.64434413030215,0.00818493942493021,0.123049337124526,2200002D01Rik,2200002D01Rik
61.4769340303998,-1.30509356494105,0.476095375079294,-2.74124394660143,0.00612070458890142,0.106144526272692,2310022B05Rik,2310022B05Rik
174.843896577934,-1.65632222788019,0.41308865678187,-4.00960471968323,6.08204757650592e-05,0.00698120433984342,AA467197,AA467197
587.032031072424,-1.00539831286181,0.316087244471997,-3.18076205365789,0.00146888222710636,0.049510657289847,Abcg5,Abcg5
608.160388074918,-0.921217385970796,0.315867013237733,-2.91647227270754,0.00354014187346318,0.0804009761315408,Abcg8,Abcg8
225.557467877052,-1.24260703115479,0.422644594326903,-2.94007553351948,0.00328132245416196,0.0774209803490324,Abhd16a,Abhd16a
69.9670549321719,-2.13913736971987,0.556500443389238,-3.84390955143169,0.000121089650502591,0.01105952141257,Abhd4,Abhd4
220.720110068028,-1.13953596503349,0.380925213758198,-2.99149524335986,0.00277614863119956,0.069817190891583,Acaa1b,Acaa1b
3090.65852848906,-1.04835115868024,0.370853856442255,-2.82685791308058,0.00470071802917237,0.0922122377362358,Ace,Ace
32076.1425534126,-0.840197560704724,0.314359665070403,-2.67272698778501,0.00752374543531579,0.117470567600437,Actb,Actb
235.027569205659,-1.71185794919437,0.525553579243896,-3.25724724709741,0.00112498396436868,0.043238071463111,Acy3,Acy3
4178.27044855199,-0.836907014817463,0.336730228939386,-2.48539318092559,0.0129408417766195,0.152665986181397,Ada,Ada
152.347664738333,-1.0294464999412,0.421875682049262,-2.44016553630365,0.0146805331079931,0.163453894626976,Adgrd1,Adgrd1
19.2769840109567,-2.3525538443076,0.944677499618289,-2.49032484129048,0.0127626387186837,0.151591474975343,AI413582,AI413582
12393.4489376315,-0.916722845348608,0.369593146892632,-2.4803567194251,0.0131251001780645,0.153560056353278,Akp3,Akp3
767.012957154837,-0.969056606090321,0.41995522651832,-2.30752362370717,0.0210256468205308,0.199543959881105,Alas1,Alas1
388.135124550428,-1.06398189834873,0.382899409052095,-2.77875043208534,0.00545684320280418,0.0994644338296539,Aldh4a1,Aldh4a1
31.5721565360327,-2.01180530156736,0.759395993204746,-2.64921769349518,0.0080678344676785,0.121936273965233,Aldoc,Aldoc
9200.93741728481,-0.767693851697666,0.322485695705203,-2.38055163972124,0.0172867379370009,0.181275990168995,Alpi,Alpi
20163.5917752523,-0.999440158228848,0.277130346267236,-3.60639017592498,0.000310486176662207,0.0209872998934217,Anpep,Anpep
79.4934099751333,-1.22188170519036,0.505430057096318,-2.41750898672318,0.0156271481057804,0.170168986796226,Apba3,Apba3
73.1942956568806,-1.22392986371835,0.48637088235823,-2.51645381767916,0.0118542434681078,0.146139251114815,Aplp1,Aplp1
37336.8948857861,-0.741054781067103,0.279290029460096,-2.65335208170395,0.00796966926450409,0.121099053189084,Apoa1,Apoa1
1861.74231640065,-1.17841125228316,0.433764584878475,-2.71670692666925,0.00659349641669241,0.110011584322171,Apoc3,Apoc3
1104.79382140784,-1.01265173260563,0.320834634960363,-3.15630428345348,0.00159782078038021,0.0518592632453087,Aqp1,Aqp1
1471.86153621045,-0.768346964392834,0.311964955562554,-2.46292716759581,0.0137807906210492,0.157754764872226,Arf1,Arf1
291.652847989512,-0.859012977170465,0.334018904589536,-2.57174957874338,0.0101186053173313,0.135983001545101,Arhgef16,Arhgef16
229.554910952978,-1.14824867496287,0.379892587391822,-3.02256141096685,0.00250645220543464,0.0663233801649901,Arpc3,Arpc3
341.493889040409,-0.907560038565111,0.343449794134923,-2.64248240663839,0.00823007409535089,0.123418296900494,Arpc5,Arpc5
251.610167812975,-1.06458054626165,0.397507259590624,-2.6781411422725,0.00740320148070931,0.116842722903641,Atp6v1b2,Atp6v1b2
5016.09859351976,-1.0545703098783,0.400061597028728,-2.6360198472201,0.00838848249186809,0.123916122236396,B2m,B2m
100.613542844927,-1.27780911016872,0.415385932137407,-3.07619736564893,0.00209659015769307,0.0600050958801283,Barx2,Barx2
556.292115907202,-1.40924063096191,0.496125073428301,-2.84049467853709,0.00450436244761575,0.0898123348123197,Bc1,Bc1
379.218086124269,-1.13269195322711,0.439778261032021,-2.57559787191173,0.0100066948792494,0.13538881491359,Bcar1,Bcar1
115.017723413837,-1.27526856232612,0.483615139090377,-2.63694921694294,0.00836553542422991,0.123916122236396,Bcl2l1,Bcl2l1
14.565105435853,-2.78836919163768,1.190722407881,-2.34174579497486,0.0191937829104493,0.19165137061424,Bfsp1,Bfsp1
281.15874988812,-0.795664765066074,0.342226134409236,-2.32496786500418,0.0200736785756794,0.195495238611349,Blcap,Blcap
22.6846834391197,-1.92381161160339,0.751851511490003,-2.55876537082545,0.0105044612290646,0.138716772559233,Borcs5,Borcs5
173.78390562367,-1.59749438616834,0.401016280406699,-3.98361479127034,6.78748621900848e-05,0.00758590894003395,Bpgm,Bpgm
64.001673062957,-1.17617423751243,0.477281035276417,-2.46432217201182,0.0137272661655589,0.157566755148996,Bud31,Bud31
20.9993668781853,-2.43449361762423,1.03935576689702,-2.34231020326407,0.0191647787570851,0.19165137061424,C1qa,C1qa
573.063537820147,-0.827495604993829,0.315151120484302,-2.6257104963555,0.00864683260874667,0.125764034552559,C2cd2l,C2cd2l
522.641214137028,-1.064367677161,0.348720323645215,-3.05221005198388,0.00227163075862107,0.0626468560510629,Calm3,Calm3
555.891191610546,-0.961243999871942,0.322145980254097,-2.98387705820121,0.00284621108201915,0.0706892307914347,Camk2n1,Camk2n1
393.551753069676,-1.03361824705507,0.374790717456205,-2.75785444759808,0.00581820980583478,0.102958071022418,Cap1,Cap1
142.833234189177,-1.11869280078091,0.421022437844863,-2.65708594180227,0.00788193469347385,0.120412146198502,Card19,Card19
416.33736227388,-1.48691676394204,0.505439258458275,-2.94183077206456,0.00326278177937778,0.0773795844796708,Ccl5,Ccl5
24.4370521195121,-2.41329670604162,0.786174178897233,-3.06967179897304,0.00214294117449368,0.0604861326244131,Cd274,Cd274
21.9840680419522,-1.81045477542957,0.728928707109229,-2.48371995473938,0.0130018011401923,0.152748684487958,Cd3d,Cd3d
30.1988802130597,-1.75098591903947,0.648506212862684,-2.70002952062732,0.00693333236553483,0.112603680904116,Cd3e,Cd3e
646.144724256426,-0.91190159792375,0.328729269926326,-2.77402008688829,0.00553682593840513,0.100276758040113,Cd63,Cd63
67.7772384546125,-1.68457613672824,0.589382447367648,-2.85820547295231,0.00426044414497283,0.0880491789961051,Cd7,Cd7
80.2706915741657,-1.3180653322401,0.544375151550526,-2.42124448275403,0.0154674707150609,0.168797081183087,Cd8a,Cd8a
113.39054876259,-1.20205503235198,0.470120749713374,-2.55690699269253,0.0105607449808754,0.139074368786907,Cdc42ep5,Cdc42ep5
2722.2258059633,-0.834118341384338,0.326587107871809,-2.55404552500506,0.0106479333577241,0.139358314238072,Cdhr2,Cdhr2
920.74975798188,-0.910211732034614,0.375975427597312,-2.4209340962822,0.0154806835697698,0.168797081183087,Cdkn1a,Cdkn1a
521.615680334394,-0.815520731200248,0.335104841565931,-2.43362861422519,0.014948323743892,0.165280453282875,Cdr2,Cdr2
2971.02294834616,-0.966585748473259,0.287624592667655,-3.36058102510773,0.000777787133609198,0.0349551529781827,Ceacam1,Ceacam1
1129.13727687031,-0.859507058169093,0.308991101352863,-2.78165634675528,0.00540822737989701,0.099003196906994,Ceacam20,Ceacam20
181.645266684483,-1.01643302292441,0.352463182032983,-2.88379914481195,0.00392909269790058,0.0851370239182846,Chmp2a,Chmp2a
86.9120612303196,-1.25912632985721,0.431710227565327,-2.91660064890789,0.00353868530805025,0.0804009761315408,Ciao2b,Ciao2b
245.371414715603,-1.08371410091564,0.38048326804271,-2.84825691939228,0.00439594208193929,0.0884813555544842,Cib1,Cib1
1197.62216477774,-0.936044097258647,0.354505924373718,-2.64041877131474,0.00828036395843618,0.123826428631966,Cideb,Cideb
295.096245275132,-1.22337974993294,0.413625291526,-2.95770054442148,0.00309943062443718,0.0743460683195468,Cidec,Cidec
39.0047164310562,-1.92472769412689,0.655715017035972,-2.93531129243804,0.00333213219592301,0.0779700574990909,Cirbp,Cirbp
999.207858207216,-0.958754795968014,0.394574153422854,-2.42984693156154,0.0151052006743844,0.165552999391253,Ckb,Ckb
1381.43668604316,-0.776298048558116,0.28202404075845,-2.75259529815405,0.00591249354932196,0.103976646393252,Clca1,Clca1
1260.49352472374,-0.831691792891413,0.358474701647575,-2.32008504106119,0.020336277393056,0.196669417536301,Cldn3,Cldn3
538.956318758017,-0.830364586617052,0.339679796369895,-2.44455100212326,0.0145032572927493,0.16230654472281,Cldn7,Cldn7
275.513022231184,-0.958355786592783,0.323044783087339,-2.96663446297995,0.00301078676807787,0.0732768561835343,Clic1,Clic1
523.479857223153,-1.13241738872031,0.393545012881332,-2.87747869152079,0.0040086698258642,0.0858971942921516,Cndp2,Cndp2
16.5324555373833,-3.77746317571968,1.11558706985274,-3.38607651325532,0.000708996126517928,0.033608740029026,Col3a1,Col3a1
15.1018515118086,-2.09198645780519,0.865705494899893,-2.41651054559507,0.015670072312861,0.170168986796226,Coro1a,Coro1a
545.023801271356,-0.908523278851711,0.373888237399802,-2.42993276592497,0.0151016239559458,0.165552999391253,Coro1b,Coro1b
145.24397934244,-0.961271675242499,0.377332136184847,-2.5475478578681,0.0108482972036011,0.140145591430537,Cox14,Cox14
71.9960430178671,-1.76208563337664,0.520502560314202,-3.38535440116366,0.000710864100991378,0.033608740029026,Cpne2,Cpne2
156.394147059997,-0.926269326374329,0.375679250983696,-2.46558553326792,0.0136789512004775,0.157224643432822,Crb3,Crb3
3157.57460171794,-0.928308392558409,0.289816359680237,-3.2030917563889,0.00135960654545352,0.0481627849386533,Creb3l3,Creb3l3
5473.83738523597,-0.970289237132842,0.313976615777548,-3.09032325458369,0.00199938762304246,0.0581602687332969,Crip1,Crip1
1676.1958188578,-0.804299950385794,0.323044040188012,-2.48975325444076,0.0127831808492727,0.151591474975343,Cs,Cs
109.836910528177,-1.56247531179008,0.397523371895005,-3.93052439745044,8.47607916932599e-05,0.00877997761759207,Cst6,Cst6
96.7855218964585,-1.06713407080091,0.458941957047051,-2.32520486395953,0.0200610083970877,0.195495238611349,Ctdnep1,Ctdnep1
218.791237669409,-1.28323514989387,0.390607116616671,-3.28523238646775,0.001018982901652,0.040826607389774,Ctdsp1,Ctdsp1
283.209743278594,-1.05905949428235,0.345015117878226,-3.06960315477001,0.00214343370849404,0.0604861326244131,Cttn,Cttn
319.250663427199,-1.05781691332334,0.362523067027687,-2.91792994579997,0.00352363503368006,0.0804009761315408,Cx3cl1,Cx3cl1
108.132080462474,-1.32234928417958,0.447291410190488,-2.95634848792743,0.00311305137332796,0.0743460683195468,Cxcl16,Cxcl16
600.074888258242,-0.837583267038129,0.310887391147625,-2.69416930659758,0.00705643105754539,0.113449457086019,Cyb5a,Cyb5a
1089.60097719368,-1.04842459059354,0.338844861536276,-3.09411388397665,0.00197401696568066,0.0578182762292812,Cyb5r3,Cyb5r3
371.047722282692,-0.790143557231218,0.339452134498806,-2.32770242672903,0.01992791020325,0.195094416151733,Cyp27a1,Cyp27a1
987.440714508461,-0.902647812951847,0.359358871804546,-2.51182838041298,0.0120107482942068,0.146579448291655,Cyp2b10,Cyp2b10
650.941080859649,-0.89084562492431,0.363540035515843,-2.45047460497782,0.0142668026002112,0.161320084421999,Dazap2,Dazap2
44.0662521264511,-1.95411804196257,0.734106910386982,-2.66189844328323,0.00777013180092007,0.11956431071923,Dbp,Dbp
211.161790007709,-0.927891149332361,0.362027467198971,-2.56304074525481,0.0103759870930917,0.13749396937398,Dcaf12,Dcaf12
1541.79589263714,-1.5491017377952,0.313308632194612,-4.9443314949362,7.64055958660387e-07,0.000324494565643066,Dgat2,Dgat2
379.019949237014,-0.95259395812495,0.328642243669125,-2.89857429005389,0.00374863490104293,0.0827036489596328,Dgkd,Dgkd
57.3705997395479,-2.88109055981104,0.588100155553725,-4.89897942145306,9.63357322950393e-07,0.000371943504597302,Dio1,Dio1
39.968915587728,-1.27115371490303,0.547235020432074,-2.32286616799375,0.0201863431127688,0.195733788127692,Dll4,Dll4
934.323087869729,-1.09673037891444,0.439083484485613,-2.49777187634206,0.0124976589828354,0.149824131355759,Dnase1,Dnase1
670.626708450518,-0.918199763672467,0.345909473650824,-2.65445104460868,0.00794375653335305,0.121099053189084,Dusp6,Dusp6
777.131104247677,-1.40322299191486,0.356216779572673,-3.93923889154858,8.17405084855758e-05,0.0085716528281047,Efhd2,Efhd2
582.725650718412,-1.00858992735894,0.410199863638327,-2.45877684700601,0.0139411242517058,0.158734462994624,Ehd1,Ehd1
1309.65756574172,-0.882355512381538,0.31136782702119,-2.83380438121338,0.00459974795590413,0.0910728651222603,Eif1,Eif1
57.275782356329,-1.28855179061628,0.55789337907881,-2.30967392504985,0.0209062134554276,0.199462647298167,Emd,Emd
1008.27582188715,-0.890673173810819,0.357279482237354,-2.49293121517432,0.0126693387078672,0.150930382867636,Enpp7,Enpp7
2200.4514000256,-0.796744905394627,0.337504478781873,-2.36069431810283,0.0182407591993139,0.186222366152611,Ephx2,Ephx2
3807.68589416178,-0.984305122402594,0.345549029265497,-2.84852521361396,0.0043922372901675,0.0884813555544842,Eps8l3,Eps8l3
1158.91363077371,-0.968018651915724,0.404730428767511,-2.39176148643813,0.0167677350253458,0.178031426631609,Espn,Espn
961.762161332568,-1.07010323029866,0.367525785805357,-2.91164122798552,0.00359535333578136,0.0805776549713109,Exoc3l4,Exoc3l4
655.017163276151,-0.766552468405159,0.302172994555985,-2.53680005233934,0.01118708285356,0.142250122392424,F11r,F11r
35.2684847481535,-1.88747005108035,0.7216877610066,-2.61535549452541,0.00891346295300781,0.127890125545352,Fcer1g,Fcer1g
107.408450980277,-0.946938386541986,0.388147136864555,-2.43963769562062,0.0147019985277855,0.163453894626976,Fez2,Fez2
241.406403712696,-1.26855934108412,0.434488323463115,-2.91966267579526,0.00350410453825961,0.0803501027845242,Flywch1,Flywch1
9209.0210373583,-0.913685834279868,0.37580442297404,-2.43128015111995,0.0150455760806713,0.165552999391253,Fth1,Fth1
476.879691502132,-1.08372141903337,0.411603691351888,-2.63292444116317,0.00846531775221791,0.124617693218958,Fus,Fus
338.151336799274,-0.928856555613256,0.394878181475226,-2.35226102425599,0.0186596755819234,0.189135184239687,Gabarap,Gabarap
385.976752504545,-0.927399666708422,0.377440508891175,-2.45707507504398,0.0140073410749723,0.159274906413407,Gal3st2,Gal3st2
119.720278348407,-2.16332982589891,0.520545086025899,-4.15589328181896,3.24019051283181e-05,0.00458702970266557,Gal3st2b,Gal3st2b
247.161839339652,-0.963647304771882,0.414056836219077,-2.32733098569593,0.0199476558251129,0.195094416151733,Gm31624,Gm31624
30.6089202183298,-1.7390831031158,0.741819917434335,-2.3443467373195,0.0190604423968678,0.19165137061424,Gm52687,Gm52687
1555.21811773121,-1.05474666554972,0.312290785441769,-3.37745048755655,0.000731611229877752,0.03414453728891,Gnai2,Gnai2
637.288326343185,-0.847828181626423,0.326442953132302,-2.59717103246156,0.0093995108303995,0.131314876633904,Gng5-ps,Gng5-ps
20.8618497967816,-1.82260969370746,0.749216022335977,-2.4326891568933,0.0149871610059915,0.165325903357003,Gngt2,Gngt2
282.41027516836,-0.878759008793876,0.367181451897415,-2.39325544428477,0.0166996099840975,0.177900752144369,Gnpda1,Gnpda1
2268.58264102211,-0.822389850692768,0.309123935629457,-2.66038878231208,0.00780504995761621,0.119668040324895,Gpa33,Gpa33
364.513566217087,-0.822698551268783,0.344047344886055,-2.39123644898713,0.0167917348047917,0.17806366470899,Grb2,Grb2
566.353133803678,-1.23200303379568,0.401062874216017,-3.07184512204964,0.00212740075728749,0.0604352576334447,Grina,Grina
643.196756142752,-0.965075464894904,0.34502121492664,-2.7971481843518,0.00515558814795829,0.0973646275204229,Gsdmd,Gsdmd
169.247875011628,-1.51081156603725,0.446347523761422,-3.38483241333002,0.000712217236310888,0.033608740029026,Gstt1,Gstt1
213.696553549927,-1.1649632321872,0.427616706666341,-2.72431645917003,0.00644347333315065,0.109003695971433,Gucd1,Gucd1
504.156114554979,-1.40485048966044,0.469298547551097,-2.99351126695631,0.00275787325735244,0.069817190891583,Gzma,Gzma
75.7961318237799,-1.37593579760766,0.522419727014746,-2.63377458096795,0.00844415283813594,0.124521934387373,H1f4,H1f4
10998.9685089661,-1.16218923463738,0.34648082258989,-3.35426713071794,0.000795755008466785,0.0353881834655334,H2-D1,H2-D1
1721.05009198796,-1.09946302478436,0.394240014733833,-2.78881641562094,0.00529010430239305,0.0981094889618484,H2-K1,H2-K1
59.0890326164588,-1.54195925322222,0.552431541039761,-2.79122233013708,0.00525093898481406,0.0981094889618484,H2-Q9,H2-Q9
64.8912860792667,-1.35354672342313,0.547241027445558,-2.47340140000338,0.0133833729003407,0.155426746331947,H2-T22,H2-T22
2320.14900107532,-0.899874583714914,0.317212739084701,-2.83681729274634,0.00455656785700325,0.0906404856613246,Hadh,Hadh
90.0811913740677,-1.13646813992504,0.423311862004315,-2.68470657671639,0.00725935066392313,0.115039038319707,Herc6,Herc6
291.895833533728,-0.965340269632147,0.381583228753789,-2.52982887320506,0.0114118170143536,0.144244008511784,Hsbp1,Hsbp1
3200.67851168662,-0.730950096817012,0.270640199403944,-2.70081864566628,0.00691690434440575,0.112552079504564,Hsd17b11,Hsd17b11
159.937327522801,-1.17318133267828,0.382641076147073,-3.06600991323616,0.00216936122234638,0.0606136652059543,Hsd17b2,Hsd17b2
493.494753573123,-1.2128589376425,0.447816137142438,-2.70838595808958,0.00676113440639373,0.111030828465831,Id1,Id1
399.361136004152,-1.09635008026072,0.421941010970466,-2.59834918094147,0.00936731845633666,0.131243691181247,Id3,Id3
1795.54907992214,-1.21800346077819,0.394316682294834,-3.08889660384057,0.00200901344671817,0.058240819851277,Ifi27l2b,Ifi27l2b
91.8503873348885,-1.65195842331908,0.608329220117566,-2.71556645429562,0.00661624965664322,0.110011584322171,Ifit1,Ifit1
110.488637369785,-2.15956300038203,0.530686355933952,-4.06937728139143,4.71389607308181e-05,0.00597609451414282,Ifit1bl1,Ifit1bl1
350.516089776924,-0.770793638500213,0.317383882681312,-2.42858469052813,0.0151578844877948,0.165916328401198,Ifit1bl2,Ifit1bl2
25.2151234554156,-3.39198819975371,0.823795310043241,-4.11751336576032,3.82982324549035e-05,0.00524685784632178,Ifit3,Ifit3
421.385973523919,-0.962120509172719,0.415671329444947,-2.31461840405845,0.0206338247765834,0.198711686680612,Igsf23,Igsf23
51.3317170460973,-1.64871492104064,0.636179571222688,-2.59158733731725,0.00955342890272977,0.132578615303621,Il2rb,Il2rb
21.6108733990105,-2.46852634282058,0.905183753691278,-2.72709969965114,0.00638937303894382,0.108542669185578,Il2rg,Il2rg
96.6966468591968,-1.0025977196995,0.410955511371702,-2.43967459239808,0.0147004971671122,0.163453894626976,Inpp5b,Inpp5b
415.960173543588,-0.940162522252347,0.333395747212263,-2.81995955291468,0.00480297030366835,0.0935697930260526,Irak2,Irak2
273.317675761545,-0.886101889624095,0.344518972084355,-2.57199736857201,0.0101113660283026,0.135983001545101,Irf7,Irf7
374.749546025951,-0.953743713496509,0.358809190629456,-2.65808050184936,0.00785871188121901,0.120273691385719,Irf8,Irf8
214.176631525725,-1.01756722775138,0.354453053966585,-2.87080959344002,0.00409422057324273,0.0862935720821929,Irf9,Irf9
124.055904285292,-1.31554123088421,0.557226509397531,-2.36087337680069,0.018231954618445,0.186222366152611,Irs2,Irs2
191.709951511145,-1.73626957066109,0.395237194328535,-4.39298121628159,1.11806790799111e-05,0.00228824686520205,Isg15,Isg15
496.829913255339,-0.848342144035764,0.324349651544374,-2.61551735911054,0.00890923923876284,0.127890125545352,Ist1,Ist1
44.5224205905342,-1.61255876491462,0.622778951335333,-2.58929554612764,0.00961725137991158,0.132827533692632,Jchain,Jchain
334.790542524428,-0.855536639742327,0.325465304340417,-2.62865696691125,0.00857227836877851,0.125108131382139,Junb,Junb
154.39481587612,-0.95889423396923,0.381417146093912,-2.51403022593309,0.011936020355073,0.146298061898975,Kctd5,Kctd5
786.247488454708,-0.812572651953078,0.342205697546649,-2.37451526312565,0.0175720096954662,0.182912561707463,Kdelr2,Kdelr2
330.607114932466,-1.11696486975892,0.402648392212381,-2.77404527464192,0.00553639726592458,0.100276758040113,Klc4,Klc4
748.240864053787,-0.745106486686919,0.301427358716685,-2.47192719950564,0.0134386879948025,0.155426746331947,Laptm4a,Laptm4a
818.627053980762,-0.867851807911759,0.376023186319901,-2.30797418745725,0.021000572211168,0.199528926579039,Leap2,Leap2
500.999506008204,-1.08288664438028,0.374423084570845,-2.89214711646707,0.00382618736860098,0.0837619471878782,Lipe,Lipe
206.432287668121,-0.951900402235579,0.352914754532715,-2.69725306185048,0.0069914116952271,0.113114382741446,Llgl2,Llgl2
68.4527760134081,-1.98316896683891,0.530514467994461,-3.7381995901752,0.000185342784672287,0.0150300465548589,LOC118568397,LOC118568397
1857.29195104203,-0.993188277237993,0.281816870712975,-3.52423286343824,0.000424710823908825,0.0240499582552104,Lsr,Lsr
216.972568932849,-0.893994351156106,0.387558719490937,-2.30673264771434,0.0210697290287657,0.199739149966893,Ly6g5b,Ly6g5b
238.485828769259,-0.927280826184527,0.341468773400745,-2.71556551701516,0.00661626838505832,0.110011584322171,Lyn,Lyn
649.193156692669,-1.25559431163995,0.307032125307494,-4.08945581959044,4.32386413214101e-05,0.00572880267103941,Mafb,Mafb
785.478804330331,-0.930801266063551,0.318841058637973,-2.91932685846595,0.00350788199583578,0.0803501027845242,Mall,Mall
23.451995530248,-2.49207945392093,0.826723862044769,-3.01440368221279,0.00257484953392328,0.0664765104594052,Map1lc3a,Map1lc3a
506.230265530492,-0.894330275758598,0.36206928989802,-2.47005283439116,0.0135093097919486,0.155696170112363,Map2k3,Map2k3
56.5127441686415,-1.38248467744165,0.535425088675576,-2.58203193440441,0.00982204958400687,0.13412940380475,Map7d1,Map7d1
1274.33208340617,-0.987563815177843,0.375344357973178,-2.63108741133233,0.0085112141762805,0.124860540955659,Mapk3,Mapk3
1048.84358315229,-0.946519781454289,0.335299321340993,-2.82290992319574,0.00475899403491952,0.0929261961669113,Max,Max
80.1190680323867,-1.30190396600664,0.550774743350265,-2.36376845838534,0.018090114746492,0.185576611904231,Mcrs1,Mcrs1
1297.91406731639,-0.745177695513163,0.309148588810942,-2.4104192044974,0.0159342001729919,0.172194778968694,Mcu,Mcu
213.372590491295,-0.943505056745279,0.378159307407808,-2.49499361317531,0.0125959397326635,0.150266730462421,Mef2d,Mef2d
207.546295500856,-0.905527899631834,0.37918151456819,-2.38811193278513,0.0169351829954095,0.178914731794786,Metrnl,Metrnl
71.5072073993511,-1.27669285820014,0.533522680167216,-2.3929495514605,0.0167135389935491,0.177900752144369,Mettl7b,Mettl7b
19.1433259101711,-2.74213974996416,0.808713357894378,-3.39074373286449,0.000697032446679795,0.0334917261653109,Mexis,Mexis
358.103976730765,-0.829992273244215,0.319183728359398,-2.60035897666328,0.00931262865921903,0.131036316632873,Micu1,Micu1
286.873071882625,-0.747890030866507,0.323511102226962,-2.31179092685919,0.0207892076665308,0.199137215229393,Mlx,Mlx
151.875287437612,-0.9161963489175,0.391893480851394,-2.33787085951788,0.019393948351153,0.1924441557181,Msra,Msra
34.0800147909146,-1.5841673462448,0.641062779762296,-2.47115789007779,0.0134676342477411,0.155426746331947,Muc4,Muc4
1941.49357739151,-1.12757154753594,0.386210790499112,-2.91957546312662,0.00350508519822228,0.0803501027845242,Mxd1,Mxd1
380.358030542132,-1.17527663194027,0.376490814809225,-3.12166083662839,0.00179833986123864,0.0548167711294664,Mxi1,Mxi1
27.169577272078,-2.40091290924412,0.713852360854922,-3.36331858084597,0.000770114350849322,0.0347944217878412,Myo1c,Myo1c
17.9184015969368,-2.41771295432397,0.950492509169641,-2.5436423022798,0.0109703361592881,0.140971309133121,Myo7a,Myo7a
373.350839490324,-1.16975329668089,0.402637961573355,-2.90522357134419,0.00366990857053922,0.0816026266967543,Neurl1b,Neurl1b
638.283737762094,-0.836870306935243,0.329188209141102,-2.54222442875082,0.0110149421231038,0.141117523972314,Neurl3,Neurl3
237.241404729868,-1.34172826928777,0.500352979582845,-2.68156346426956,0.00732790133825997,0.115909113532924,Nfkbib,Nfkbib
140.034579739446,-1.25457779692775,0.491473578950215,-2.55268614766134,0.0106895771604591,0.139688105232215,Noxo1,Noxo1
103.57720730595,-2.63027991270546,0.54897812903851,-4.79122896446199,1.65762830608655e-06,0.000586662284662467,Nr1d1,Nr1d1
359.268788647009,-0.800336522223917,0.34356273785752,-2.32952073677975,0.0198314957507675,0.194756471831773,Nr1i2,Nr1i2
38.3943536094047,-1.44490108474336,0.58830359304711,-2.45604667695385,0.014047491009863,0.159517899248364,Nsmf,Nsmf
51.6123692026092,-1.49459639246478,0.518193467314674,-2.88424398750126,0.00392354635250725,0.0851370239182846,Ntan1,Ntan1
281.277819285671,-0.931740287444814,0.343329945446317,-2.71383344157057,0.00665095966856225,0.110011584322171,Nuak2,Nuak2
68.6429283776907,-1.06654209647987,0.436015645788764,-2.44610969074394,0.0144407058677262,0.161905145269132,Oaf,Oaf
34.837822398932,-3.36399209386297,0.792157570872574,-4.24661988669436,2.170196793249e-05,0.00341363917812166,Oas1g,Oas1g
110.514325664937,-1.62161627272317,0.478001665152579,-3.39249084457801,0.000692602465566864,0.0334917261653109,Oas3,Oas3
254.266418911892,-1.38731723955173,0.454072700132617,-3.05527559605884,0.00224853798739829,0.0622249747560509,Oasl1,Oasl1
105.679414945941,-1.36889329397624,0.423309832934525,-3.23378572259145,0.00122161072783039,0.0447256962163419,Oasl2,Oasl2
266.336034029828,-1.24581684537376,0.332095102694401,-3.75138577854966,0.000175859866448029,0.0150206734454102,Ormdl3,Ormdl3
174.404358782036,-0.93708185830824,0.3681626801176,-2.54529290695329,0.0109186107807504,0.140732443052646,Ostf1,Ostf1
76.2561397969295,-1.19430912719358,0.432564530777086,-2.76099643456214,0.00576253054974137,0.10239944453871,P2rx4,P2rx4
99.7873606183246,-1.60366458054443,0.584619497745387,-2.74309116738159,0.00608637850164573,0.106144526272692,Paox,Paox
223.225636510042,-1.15027592046395,0.362781852142776,-3.17070965283909,0.00152067054329579,0.0504553734170095,Parp12,Parp12
617.872328311033,-1.48922842859906,0.518067240595604,-2.87458521192529,0.0040455858737835,0.0858971942921516,Pck1,Pck1
657.923385864604,-1.53347104852755,0.30665683730757,-5.00060935210622,5.71494029902918e-07,0.000255487909999757,Pdlim2,Pdlim2
178.9442899757,-1.11719173978657,0.4818431201232,-2.31857983050775,0.0204178297847799,0.196854762987424,Pef1,Pef1
76.9891117677558,-1.33107171229339,0.565074096326287,-2.35557021804235,0.0184943013111033,0.187907410689607,Pelo,Pelo
150.883636018484,-0.885303908876261,0.36872830699984,-2.40096540479775,0.0163518823356825,0.175369808786978,Phf23,Phf23
393.128222996032,-1.19395378360596,0.34849131354823,-3.42606468852692,0.000612394514637645,0.0304191754814746,Pim3,Pim3
54.8635651437544,-1.35336955694741,0.515310185015859,-2.62632021702765,0.00863135752315271,0.125754289539724,Plekhn1,Plekhn1
22.9522050898867,-1.7517541895717,0.70727232508938,-2.47677468413645,0.0132575566214595,0.154683634536644,Plet1,Plet1
207.465237750946,-1.2810805042031,0.500746378949325,-2.55834202314371,0.0105172594217266,0.138716772559233,Plin2,Plin2
1815.66654090702,-0.763048446505593,0.324470367214721,-2.35167375392601,0.0186891587242869,0.18920824100607,Plin3,Plin3
512.014706611555,-0.948228163391919,0.37673879384218,-2.51693793920555,0.0118379678919327,0.146139251114815,Pnpla2,Pnpla2
305.171228552525,-1.04234140448273,0.395072341929979,-2.63835579932211,0.00833091229414922,0.123916122236396,Poldip3,Poldip3
305.111038699894,-0.816787917811518,0.342334251185101,-2.3859368876586,0.0170356743296212,0.179529798704469,Polr2a,Polr2a
191.239767332419,-1.05525198426916,0.425211903422953,-2.48170847470259,0.0130754199564492,0.153189816703558,Ppp1ca,Ppp1ca
31.0000964861071,-2.28440094524513,0.824512812751546,-2.77060696924973,0.00559519185851175,0.10096212269004,Ppp1r16b,Ppp1r16b
240.575383359512,-1.02051878819402,0.377389904431951,-2.70414967705642,0.00684794352544558,0.112074050684267,Ppp6r1,Ppp6r1
62.8786410561559,-1.35826834903847,0.518095109907549,-2.62165830764326,0.00875031124610902,0.127051527734103,Prag1,Prag1
1105.95323309383,-1.0550396251161,0.399951904113995,-2.63791624508778,0.00834171815835825,0.123916122236396,Prdx5,Prdx5
2086.33956963368,-0.996977190879267,0.341424934049765,-2.92004798552279,0.0034997749232927,0.0803501027845242,Prr13,Prr13
996.159697776971,-0.84583505399539,0.30936498913657,-2.73410076672249,0.00625508985660448,0.107128596512117,Prr15,Prr15
443.505683810669,-1.41032717295659,0.338391071863756,-4.16774344898915,3.07629886501181e-05,0.00443479938771962,Prss30,Prss30
299.909317142132,-0.999382927036047,0.422987561883208,-2.36267686592635,0.0181434816665859,0.185899557630857,Psmb8,Psmb8
145.874709398839,-1.41765003787658,0.588645521739308,-2.40832552957808,0.0160258841892129,0.172746015613166,Ptk2b,Ptk2b
238.112913700078,-1.02823171472838,0.361328567185182,-2.84569726312675,0.00443143025774669,0.0886445156932245,Ptprr,Ptprr
76.2307981615117,-1.29904940930599,0.512959607016967,-2.53245945984012,0.0113265466499837,0.143593563052182,Pyy,Pyy
464.392000625043,-0.879330637452711,0.342492765484151,-2.56744295375022,0.0102451645325991,0.136554948211797,Rab11b,Rab11b
221.346807545255,-1.25369623655049,0.47450135659701,-2.64213414592035,0.00823854183453972,0.123418296900494,Rab30,Rab30
39.5467189325708,-2.37335749190599,0.795200589687153,-2.98460227857692,0.00283947255608705,0.0706892307914347,Rac2,Rac2
124.81222049527,-1.08049842857468,0.394606076878267,-2.73816976444588,0.00617821744811728,0.106879386974151,Rbbp4,Rbbp4
650.497102080609,-1.09382589085298,0.374024758047332,-2.92447456303028,0.00345038278250357,0.0800752769250965,Reg3a,Reg3a
720.192745506699,-0.976407100139659,0.383224406524335,-2.54787295254812,0.0108381934097697,0.140145591430537,Retsat,Retsat
1143.01174193206,-0.903392052559126,0.335367333894192,-2.6937389580231,0.0070655477747238,0.113449457086019,Rfk,Rfk
192.855602613759,-1.1646272696238,0.448581244217585,-2.59624601928051,0.0094248555207668,0.131452746787181,Rhob,Rhob
1337.44999182093,-1.08713849335088,0.422200119084408,-2.57493649151136,0.0100258493737519,0.13538881491359,Rhoc,Rhoc
117.057022727102,-1.00919680747957,0.408244994305657,-2.47203718736591,0.0134345540559652,0.155426746331947,Rhod,Rhod
43.9898988299693,-1.39415390880879,0.543267402339737,-2.56623884077062,0.0102808010665921,0.136659036400053,Ripk3,Ripk3
313.6615405157,-1.04285766181094,0.375778867267649,-2.77518975293563,0.00551695086496115,0.100276758040113,Rnasek,Rnasek
771.954189570782,-1.01089604495241,0.332286943550063,-3.04223823588212,0.00234825959708677,0.0640532555850191,Rnaset2a,Rnaset2a
381.72617574542,-1.10779420009272,0.381926041037375,-2.90054639134783,0.00372512692750744,0.0823990315683548,Rnf186,Rnf186
318.173401519009,-0.981086404018484,0.355155832111185,-2.76241107512306,0.00573761888536984,0.102304796168646,Rnf19b,Rnf19b
281.653966441405,-0.909975698697978,0.362192259165435,-2.51241067601707,0.0119909456655376,0.146548334508024,Rnh1,Rnh1
28.2941623577528,-2.23113397959984,0.732535270393482,-3.04577003971615,0.00232085265427631,0.0635913627271708,Rps4l,Rps4l
19.4579160031036,-2.34610748368177,0.912640694119524,-2.57068033323366,0.0101498967482451,0.135983001545101,Rtl8c,Rtl8c
135.704309108071,-0.997907812250537,0.399487309848275,-2.49797124376627,0.0124906325653939,0.149824131355759,Rtp4,Rtp4
1266.60285363666,-0.770121499240888,0.322274005293717,-2.38964820801792,0.0168645179389002,0.178612487996282,S100a10,S100a10
191.473213049898,-1.58330546520763,0.502387586072883,-3.15156168086115,0.00162399858078204,0.0520704391364211,S100a11,S100a11
2343.3783698169,-1.5627045027218,0.454652245414501,-3.43714238405905,0.000587886473236817,0.0295473828619735,S100g,S100g
21.5688078220251,-2.01718937341911,0.851292913617982,-2.36955969108927,0.017809280084164,0.184434802237085,Samd10,Samd10
739.106991735962,-1.01563476405672,0.305845070643318,-3.32074916859187,0.000897761822713956,0.037750440208576,Scamp2,Scamp2
50.7532086746788,-1.38177756070381,0.589649311326209,-2.34338874677219,0.0191094604535474,0.19165137061424,Scand1,Scand1
93.7164264647632,-1.47319983709232,0.463822419774629,-3.176215237306,0.0014921019958738,0.0497016249135373,Sdc4,Sdc4
130.255387195519,-1.0191277493948,0.402132980891643,-2.53430531147956,0.0112670516483,0.14305282018036,Sec14l1,Sec14l1
42.8242101172002,-1.7937470118574,0.655952261553716,-2.73456944505177,0.00624619181561422,0.107128596512117,Sectm1a,Sectm1a
1309.07950834816,-1.57205513176595,0.377223563284513,-4.16743619639757,3.08044694932255e-05,0.00443479938771962,Sectm1b,Sectm1b
119.989314852397,-0.990360277948682,0.396210053213047,-2.4995839199874,0.0124339245911042,0.149806745357218,Selenok,Selenok
4548.90861258789,-1.02968052840733,0.312147062262532,-3.29870324885939,0.000971325342443999,0.0393655026728619,Selenop,Selenop
815.066958871652,-0.81500904059876,0.319516160903624,-2.55075999377882,0.0107488318349425,0.139890652148254,Sema4a,Sema4a
1335.20928992955,-1.1055646477584,0.407261612869949,-2.71463013655411,0.00663498261383864,0.110011584322171,Serf2,Serf2
53.2974155838271,-1.3962586107596,0.505192245127314,-2.76381639707816,0.00571296752370125,0.102159886623828,Sertad3,Sertad3
134.170199413203,-1.27498318452588,0.414496779180364,-3.07597850831811,0.0020981296769953,0.0600050958801283,Sgk2,Sgk2
33.4047444663969,-2.03120699128704,0.634473812609978,-3.20140398376955,0.00136759645146912,0.0481627849386533,Shkbp1,Shkbp1
438.161863908834,-1.15145202603254,0.327939721976392,-3.51116973294084,0.000446139443277451,0.024916184713614,Sidt2,Sidt2
94.0599178562314,-1.22549829732337,0.408651943293976,-2.99888038570215,0.00270973666800007,0.069536263619313,Skap2,Skap2
70.243029019344,-1.51022604912694,0.524156687037892,-2.88124922656527,0.00396102296476437,0.0851770356017938,Slc10a3,Slc10a3
219.028824034569,-1.59012086338514,0.447747179585956,-3.55138108263588,0.000383215119924502,0.0231589388859273,Slc22a13b,Slc22a13b
211.802993500524,-0.992179960639525,0.369475529558082,-2.6853739456744,0.00724486975416063,0.115024156433347,Slc25a20,Slc25a20
418.416228673099,-1.45859637967832,0.378330638202711,-3.85534829166228,0.000115564979431942,0.0107869113768672,Slc25a22,Slc25a22
114.670953138786,-1.29714028964068,0.536867855245314,-2.41612582494434,0.0156866395881145,0.170168986796226,Slc2a7,Slc2a7
468.590210833345,-0.904895646427776,0.355103443719186,-2.54825928171894,0.0108261973530023,0.140145591430537,Slc39a1,Slc39a1
1749.02251646643,-3.35893318019693,0.421126919217018,-7.97605906181929,1.51079668256967e-15,6.4163535108734e-12,Slc39a4,Slc39a4
575.234979763827,-0.761000998076001,0.32493647752712,-2.34199928511407,0.0191807516634836,0.19165137061424,Slc39a9,Slc39a9
1861.67605393446,-1.08466781956547,0.362486213605143,-2.99230088995054,0.00276883216819555,0.069817190891583,Slc3a2,Slc3a2
23.6468464226325,-2.01581402289433,0.766756618206563,-2.62901418133084,0.00856327898003636,0.125108131382139,Slc41a3,Slc41a3
210.428524177811,-1.27169554927578,0.335979999170284,-3.78503349132773,0.000153687879713417,0.0137413142135344,Slc51b,Slc51b
455.505794474967,-1.03301155201761,0.340846273268064,-3.03072567616187,0.00243966792376521,0.0649609383838924,Slc52a3,Slc52a3
1161.14850664954,-0.966099211899024,0.301407855243385,-3.20528876435189,0.00134927042505309,0.048154214245382,Slc6a8,Slc6a8
1410.60992479858,-0.958364940324144,0.342717745872259,-2.79636800797982,0.00516805160477709,0.0973646275204229,Slc7a9,Slc7a9
959.006544558293,-1.22086296764397,0.350113254682632,-3.48705155064937,0.000488377210732762,0.0257569712081631,Slc9a3r1,Slc9a3r1
340.44462550965,-1.5282767145162,0.408348935150298,-3.74257548621671,0.000182143791485431,0.0150206734454102,Slco2a1,Slco2a1
104.675328198081,-1.2271028867063,0.458692565982122,-2.67521860547033,0.00746805366248519,0.117436490855106,Smlr1,Smlr1
207.895002478446,-1.33569843612051,0.3934964476036,-3.39443581830265,0.00068770157292317,0.0334917261653109,Smpdl3a,Smpdl3a
412.525022149841,-1.97556851466195,0.528700812204739,-3.73664739878802,0.000186490147103696,0.0150300465548589,Socs3,Socs3
182.244498789002,-1.15665369993411,0.363239019845413,-3.18427711985996,0.00145116014346897,0.0494737549192187,Sox13,Sox13
37.372195099754,-1.41088350603478,0.559452069913977,-2.52190237896827,0.0116722095589066,0.145984106005249,Sp2,Sp2
29.3794750162028,-2.44596895139513,1.02559508088725,-2.38492656310238,0.0170825310053288,0.179800518412965,Sparc,Sparc
44.9340360577449,-1.55670263414334,0.578971629960043,-2.68873732941073,0.00717228314991882,0.114513859164305,Spata13,Spata13
130.411108048103,-1.03449361369277,0.37831650370091,-2.73446599229152,0.00624815492602419,0.107128596512117,Spg20,Spg20
404.967240158146,-1.0216610589846,0.42544293474784,-2.40140563055804,0.016332221071251,0.175369808786978,Sphk2,Sphk2
4000.18191383503,-0.887582056373859,0.313919682683626,-2.82741766551918,0.00469250805883176,0.0922122377362358,Spink1,Spink1
128.149147099131,-1.51369280564881,0.44794000622729,-3.37923111266097,0.000726888738445781,0.0341115632284998,Spns2,Spns2
495.748055574814,-0.913283706777099,0.358532694028249,-2.5472815226863,0.0108565810173409,0.140145591430537,Sult2b1,Sult2b1
296.237003430631,-1.21147409218973,0.38670818170016,-3.13278629602169,0.00173155464724683,0.0544734265693134,Sult6b2,Sult6b2
42.12273008992,-1.35602338971044,0.582026484851402,-2.32983107299086,0.019815081169919,0.194756471831773,Suox,Suox
258.125481479883,-1.12531269171421,0.384253160281972,-2.92857107769377,0.00340523966478731,0.0792441252402833,Synpo,Synpo
16.6687080681843,-2.10430411779758,0.834424749778029,-2.52186205928978,0.011673547461734,0.145984106005249,Syt12,Syt12
140.288192964537,-1.10616788887021,0.430853481572618,-2.56738760664692,0.0102468001532924,0.136554948211797,Tef,Tef
3236.83912495248,-1.25305872570698,0.392723519830779,-3.19068928249296,0.00141933834191741,0.0488091492965446,Tff3,Tff3
295.891017161636,-0.867214819186375,0.354555758073189,-2.44591943422157,0.0144483282451144,0.161905145269132,Tgfbi,Tgfbi
208.497878133301,-0.96284042276111,0.413404274987746,-2.32905289329592,0.0198562637869455,0.194756471831773,Tinagl1,Tinagl1
119.174132486972,-1.08858895538913,0.412930157655951,-2.63625442512757,0.00838268522300275,0.123916122236396,Tjap1,Tjap1
237.629080865923,-0.958327744796018,0.358407431955437,-2.67385009168887,0.00749859627180515,0.117436490855106,Tlnrd1,Tlnrd1
3232.25557386201,-0.864614460640541,0.343158016449559,-2.51958112354817,0.011749456228964,0.145984106005249,Tm4sf5,Tm4sf5
454.481803840435,-0.928254572090936,0.323974413441908,-2.8652095152489,0.00416733418277194,0.0867813316869434,Tmbim1,Tmbim1
610.594621688425,-0.686457899727499,0.296951744351234,-2.31168165463126,0.0207952330949461,0.199137215229393,Tmc5,Tmc5
293.186868105397,-0.840637313167738,0.345845844934719,-2.43067055880465,0.0150709108702494,0.165552999391253,Tmem106a,Tmem106a
328.994205806966,-0.846711807654636,0.366501020244972,-2.31025770975668,0.0208738907501738,0.199462647298167,Tmem120a,Tmem120a
178.62998986527,-1.25705841078525,0.414678527532946,-3.03140463593302,0.00243418799175983,0.0649609383838924,Tmem140,Tmem140
143.712324546503,-0.920607499576674,0.397879257306275,-2.31378611141827,0.0206794575803245,0.198756565112348,Tmem179b,Tmem179b
114.281518957337,-1.13028822695543,0.410374689629914,-2.7542834768264,0.00588207961963972,0.10365639894029,Tmem220,Tmem220
20.526691569029,-2.73583082747859,0.839011508393581,-3.26077866645329,0.00111106731286,0.0430912721599948,Tmem229b,Tmem229b
63.3573690095752,-1.19576998396519,0.501699798096312,-2.38343724375118,0.0171518086238701,0.180306265409842,Tmem254a,Tmem254a
426.643208598352,-0.784200420418825,0.320320247636315,-2.44817624301162,0.0143581403517409,0.161513604891378,Tmem41a,Tmem41a
497.647274881232,-0.998844403186618,0.342790982225669,-2.91385845888166,0.00356991725403059,0.0804049110318471,Tmem45b,Tmem45b
600.505563995105,-0.784086619514942,0.307524288771584,-2.54967379209948,0.0107823754994769,0.140038986991677,Tmem50a,Tmem50a
577.670738168059,-1.07614046102896,0.329598992889786,-3.26499923920826,0.00109464370555511,0.0426509341054361,Tmem86a,Tmem86a
683.179818391028,-1.02427710957117,0.384547788085183,-2.66358861319021,0.0077312046426443,0.119370593841017,Tmsb4x,Tmsb4x
510.044033751164,-1.07284774708762,0.362253256714413,-2.96159586477758,0.00306049202591449,0.0738517592844253,Tnfrsf1a,Tnfrsf1a
38.0573891627877,-1.38575667619013,0.599050833725984,-2.31325389795552,0.0207086837914325,0.198756565112348,Tnfrsf1b,Tnfrsf1b
14.3888575258035,-2.89047886179969,0.925597520040838,-3.12282476909852,0.00179124359550679,0.0548167711294664,Tnfsf13b,Tnfsf13b
155.485043043703,-1.53709899465996,0.395988402412262,-3.8816767998667,0.000103738690883481,0.0101402374991238,Tor1a,Tor1a
190.823568488503,-1.26238949109002,0.35643672354786,-3.54169311883634,0.000397567715032087,0.0231589388859273,Trafd1,Trafd1
74.0076362789694,-1.2410713506691,0.513578506633185,-2.41651730872669,0.0156697812089792,0.170168986796226,Trappc2l,Trappc2l
250.764338962669,-1.05194962964005,0.349350105451693,-3.01116162046073,0.00260250289510215,0.0669868472454476,Trim25,Trim25
359.531891001412,-1.06231046507791,0.380764051314416,-2.78994422244107,0.00527171226384713,0.0981094889618484,Trim40,Trim40
331.68743170564,-1.12536631915745,0.378167044513898,-2.97584449909964,0.00292182974741344,0.0719362952884921,Tsc22d1,Tsc22d1
216.02961860358,-0.90835519360906,0.359638753443485,-2.52574336027945,0.0115453787262403,0.145283625038053,Tsc22d4,Tsc22d4
224.423147049622,-1.09349260518606,0.360227097731135,-3.03556454268252,0.00240085831741889,0.0647393350735114,Tubb2a,Tubb2a
337.826957521163,-1.94904697876591,0.417401649561781,-4.66947598509054,3.01968994760861e-06,0.000884456772930605,Txnip,Txnip
18.8484322194608,-3.19165040175303,0.870237458618855,-3.66756265217366,0.00024487356111886,0.0180865741577704,Tyrobp,Tyrobp
201.454967519947,-1.14104280299556,0.41532592529562,-2.74734307082657,0.00600802528000873,0.105220962326586,Uap1l1,Uap1l1
247.053604610076,-1.05888330878362,0.420125594154764,-2.52039705153872,0.0117222522730893,0.145984106005249,Uba7,Uba7
4562.09896847397,-0.932658695070024,0.323663655025827,-2.88156757976302,0.00395702369039716,0.0851770356017938,Ubb,Ubb
145.169590791008,-2.63670511678377,0.498743159944943,-5.28669930445731,1.24543111097821e-07,7.55620846903496e-05,Ubd,Ubd
123.495389172997,-1.86606591816104,0.576025766537209,-3.23955285781561,0.00119717274797398,0.0444051760755064,Ube2l6,Ube2l6
324.925466629326,-25.6380770622905,4.3948432786259,-5.8336726560831,5.42204452116706e-09,7.67580769379883e-06,Ugt1a2,Ugt1a2
381.94492759178,-1.65290863549017,0.456369391740436,-3.62186567593095,0.000292485990836216,0.0207031333846902,Upp1,Upp1
321.706283161813,-0.956289754033469,0.405222015099838,-2.35991559786765,0.018279093338572,0.186340632428609,Usf2,Usf2
39.1011094931687,-2.31865812369387,0.575066051828224,-4.03198574550262,5.53075424956307e-05,0.00649265350199269,Usp18,Usp18
170.195237435203,-0.878476891786068,0.369500135966635,-2.37747379845455,0.017431681358628,0.182272790265693,Usp22,Usp22
115.602390776239,-1.02216264090338,0.439713146121598,-2.32461242043627,0.0200926940555342,0.195495238611349,Vav2,Vav2
544.588179611433,-1.02048497515567,0.395347345457998,-2.58123644152325,0.00984471302631632,0.134223101838733,Vps28,Vps28
116.557622800684,-0.984530820640907,0.417812881260469,-2.35639173610624,0.0184534458900305,0.187716849568765,Vps37b,Vps37b
582.229864149614,-0.768148992847814,0.324702912191296,-2.3656978856884,0.0179961230563277,0.184835633906224,Wasf2,Wasf2
468.637495988436,-1.31098702637586,0.367270748059423,-3.56953836727488,0.000357610842245917,0.0221718722192468,Wbp2,Wbp2
233.179868515869,-0.907775017749642,0.347938176633585,-2.60901240137734,0.00908039515065647,0.128978054196783,Wipf3,Wipf3
54.4023894640673,-1.77352662157428,0.615366410220865,-2.88206602134448,0.00395076944134634,0.0851770356017938,Zbp1,Zbp1
164.641783105749,-1.03779394634896,0.417186092275341,-2.48760437024354,0.0128606711316238,0.152142814195004,Zfp36,Zfp36
230.146022501157,-1.2354041139193,0.371975080521401,-3.32120128097726,0.000896308719670015,0.037750440208576,Zfp703,Zfp703
11813.6270990351,-0.868498096764113,0.356507434185935,-2.43612899334703,0.0148453895196369,0.164402527483437,Zg16,Zg16
36.8709724659053,-1.57276645788847,0.602254381952216,-2.61146536251064,0.00901551201141523,0.128978054196783,Znrd1,Znrd1
125.637094455481,-1.12674016574572,0.419402045019772,-2.68653951292154,0.00721964084872623,0.115024156433347,Zyx,Zyx
