baseMean,log2FoldChange,lfcSE,stat,pvalue,padj,gene
570.191708006014,3.15143902092872,1.04280047211455,3.02209205423388,0.00251034194570447,0.0697020911085013,5033421B08Rik
70.4341221158328,1.21943372762492,0.437910439623713,2.78466466493184,0.0053583106384335,0.110630057930335,9030607L20Rik
8.33151949467098,3.15954847212817,1.18813750908468,2.65924478267017,0.00783160400498437,0.139010971088473,Abcc1
2934.16347303927,0.899300009041353,0.333350173326726,2.69776373615358,0.00698069647748905,0.128166090504059,Abhd2
7197.98378727945,0.766210475367447,0.303088983577907,2.52800503113798,0.0114712708119855,0.169918369457884,Ace2
4128.62021307608,0.77060082065491,0.256972569353932,2.99876684345072,0.00271074662943102,0.0723036715833911,Acsl5
4178.27044855199,1.03203755850416,0.307668513134389,3.35438146721685,0.000795426236623095,0.0342797446691411,Ada
133.061644798927,1.21827271430812,0.425227646994313,2.8649894307658,0.00417023160847323,0.095317831885701,Adam10
45.3435851398783,1.98788408396428,0.581373017926652,3.41929195657147,0.000627843224547128,0.0292272867125264,Adarb2
47.5721836356991,2.96151020512607,0.700596107997801,4.22712911379086,2.36691864507973e-05,0.00243324167794706,Adm
124.111004673411,1.18189858524744,0.4872153941649,2.4258235667476,0.0152736936059734,0.195345554521692,Aff1
127.057648533002,0.92173390443145,0.374214467680208,2.46311669921628,0.0137735077438343,0.185191754664715,Aggf1
22.3915185503066,3.54287411143992,0.674516764301439,5.25246265021905,1.5007890470228e-07,3.44448537327162e-05,Agtpbp1
856.194624793924,0.773542167981837,0.284280700625614,2.72105058936295,0.00650748018388425,0.125628488881267,Ahnak
41.6449774806028,1.38531277190144,0.523552013690749,2.64598881424552,0.00814525098326841,0.14278060737811,Aida
575.711765619927,2.16122988912922,0.744515226762912,2.90286862033173,0.00369761719470336,0.0883578307373545,Akr1b7
499.994749334585,1.11955789696142,0.324435672563709,3.45078544573909,0.000558957734434534,0.0274445466723105,Aldh9a1
11473.5763590222,0.64651929873631,0.254960273493773,2.53576484633047,0.0112202049387716,0.168632143437484,Aldob
79.0834082209018,3.93159062355534,0.511351166898654,7.68863137127553,1.48717265809596e-14,1.46769069627491e-11,Alpk1
8.91915966867759,4.10514105639384,1.16472128637912,3.52456944369576,0.000424171617275336,0.0224552279452358,Anxa10
3024.57258846711,1.23115467101017,0.431465463853544,2.85342576440388,0.00432506317083323,0.0976751680387945,Apob
228.266561238425,2.78131247515609,0.392104641714404,7.09329138006457,1.30959315022009e-12,8.97271951096767e-10,Areg
392.383860962282,0.947734571428001,0.392427010249215,2.41505948029962,0.0157326402968517,0.198920571099407,Arf4
42.9580679822216,1.63030001999296,0.599912165172932,2.71756452800553,0.00657643303218171,0.125628488881267,Arl14
155.093983748704,1.15927922441559,0.376785161604518,3.07676453998045,0.00209260527468489,0.0629586331021618,Arl4a
53.3656018054421,1.53566223324331,0.494237439396071,3.10713456900351,0.00188910383634114,0.0584437798145791,Ascc3
291.31900595165,0.939384229567797,0.343633294528125,2.73368222615842,0.00626304565602807,0.123619995158682,Ash1l
129.322047331582,1.24769842695627,0.416950366927727,2.9924387311369,0.00276758213224536,0.0732259197402936,Atf3
362.054359661373,1.04399345545738,0.320266890452264,3.25976080132137,0.00111506210840084,0.0429865154211247,Atp10b
29417.9130147439,0.995326311281956,0.244144806603093,4.07678674443427,4.56623358182684e-05,0.00402358564455795,Atp1a1
16033.2362651193,0.829938678915545,0.304410018335625,2.72638424797341,0.00640324073275921,0.125234579421448,Atp1b1
159.16729799419,0.969957735797404,0.378824191048367,2.56044296725909,0.0104538820555483,0.162471436230245,Atp7a
138.982969588989,2.12663941008653,0.419229294567247,5.07273570250327,3.9213696303265e-07,8.23404188972175e-05,Atp8a1
59.1374455672581,1.88041783494171,0.579616590452076,3.2442443261934,0.00117762685810151,0.0438566017456747,Axin2
31.8839936973251,4.33217305496035,0.761023316776353,5.69256284197856,1.25146514401041e-08,3.33802959628074e-06,B3galt5
430.478549876127,0.794630199977933,0.31925885248317,2.48898407607921,0.0128108703548638,0.178648042252958,B4galt6
174.448005187557,0.877449509230101,0.346233934294922,2.53426779502985,0.0112682581004878,0.169006746495007,Bach1
100.613542844927,1.67046399599854,0.401446184628772,4.16111563631688,3.16696665366516e-05,0.00303444601019626,Barx2
147.087881310928,1.28842397990297,0.432887030018678,2.97635154337467,0.00291700273686116,0.0761584656351395,BC005537
493.827367309357,0.964088638849382,0.342700291784031,2.81321219141812,0.00490492725001851,0.105003746269919,Birc6
248.849258609279,2.25825952895793,0.45840305540069,4.92636229700515,8.37746024969595e-07,0.000150867546464227,Bmp2
445.773810366366,1.03491364734183,0.336461163403911,3.07587846654222,0.00209883375120187,0.0629586331021618,Bpnt1
343.405270272242,0.909920633692751,0.366313666810158,2.48399313521741,0.0129918312490654,0.180079189040767,Brd1
19.8861179448548,1.68799164122055,0.625768519386616,2.69746973349688,0.00698686358204312,0.128166090504059,Btc
92.0575516202838,1.08691012014568,0.401708564217342,2.70571806768255,0.00681568827090323,0.127153171163599,Bzw2
10.2075042121448,3.71837035909865,1.26774941846074,2.93304836504155,0.00335651600134007,0.0832589887136112,C4b
3584.15985483691,1.1644127397346,0.410738578167002,2.83492421123676,0.00458365581965492,0.0998589388171621,Calr
802.512026094725,1.25286104489246,0.381905675557275,3.2805509974794,0.00103604532843974,0.0410631780978788,Canx
321.710348688121,1.22269211001833,0.307041085914891,3.9821775199077,6.82867438276111e-05,0.00554900106864784,Car4
39.4610864072377,2.14953325313542,0.590576388673302,3.63972094780869,0.000272933659654584,0.0170807237596541,Casp4
137.691317384346,1.33835145008774,0.415987152081277,3.21729034993429,0.00129407565091683,0.0459396856075473,Ccdc71l
46.3187868097621,6.38148766660488,1.7907799505915,3.56352418648482,0.000365908962890706,0.0207610522780695,Ccl20
1701.01324055605,2.1534873689309,0.863370937288834,2.49427827127619,0.0126213553826523,0.177902717562765,Cd74
350.612771724316,1.34536410359398,0.395946946513651,3.39783932024235,0.00067920299624669,0.030746103510711,Cdc42se2
12.402039339331,6.87791884270004,1.44181079518021,4.7703338508021,1.83920836755915e-06,0.000279248421222173,Cdv3-ps
2971.02294834616,1.03156202500726,0.26309606196551,3.92085695734392,8.82346293852083e-05,0.00696630045922096,Ceacam1
53.698001481292,2.07479197837597,0.586715259183081,3.53628433196851,0.000405797683667545,0.0218842477601912,Cebpd
188.639783182295,1.0927565160838,0.31651442626484,3.45246985731213,0.00055547953490909,0.0274272060166328,Cemip2
368.553788327952,1.1789079193502,0.416292182253979,2.83192423400098,0.00462688107114899,0.100357558881691,Cep350
953.604338429995,1.13046174243269,0.307535837290939,3.67586994865655,0.000237040262164559,0.0157681175341752,Chka
96.2867882928029,2.08800293398079,0.589465809090609,3.54219515666571,0.000396811780039162,0.0216361074983784,Ciita
45.1261564198775,3.40836551482913,0.531175482040589,6.4166469087304,1.39308515493714e-10,6.249253360943e-08,Clca3a1
26.6385343023844,2.24159967171818,0.694235892417495,3.2288732060689,0.00124278982488078,0.0449270797866244,Clca3a2
1219.31286474457,1.92118756740449,0.397194354659449,4.83689545147664,1.31882749535845e-06,0.000216925142528209,Clca4a
322.919156207213,1.44069893660582,0.444226427945059,3.24316349945755,0.00118210354435519,0.0438578190948924,Clcn2
103.459889111623,1.32972586854478,0.459767033264129,2.89217314931076,0.00382587032865801,0.089685307063007,Clic4
784.272193467083,1.51740863186128,0.344139504547828,4.40928347896308,1.03713192868149e-05,0.00119016918652995,Clint1
23.9885328753914,2.70608760076835,0.648985576855609,4.16971916984593,3.04975205119352e-05,0.00302491597274424,Clu
481.020049171143,1.00765165879809,0.388790914290537,2.59175721901024,0.00954871305673292,0.154630184146172,Copb1
493.424844952282,1.30545997038846,0.354541220943498,3.68211055096612,0.000231311059674995,0.0156356770406337,Coro2a
1214.96671493161,0.846118300507496,0.288051215660613,2.93738840354143,0.00330989273750552,0.0829069325544211,Cox7c
82.0133262367707,1.23937298595915,0.420593219480727,2.94672602542025,0.00321157612456644,0.0808547060544546,Cpped1
114.714611529802,0.988175875265933,0.381323743629662,2.59143547123475,0.00955764640076651,0.154630184146172,Crk
8.03815990197143,3.31728853605721,1.13767275637532,2.91585477235672,0.00354715570096593,0.0856295931809423,Csf1
284.74915072085,0.992786745305623,0.355497539107219,2.79266840439701,0.00522752490531738,0.109533849873837,Cxadr
47.3410268409785,2.08050116365393,0.732395266238844,2.84068079022161,0.00450173480718957,0.0989479305393181,Cxcl11
9.20953226671494,5.23648114877321,1.51288480444959,3.4612556973089,0.000537661870501405,0.0267989141413049,Cyp4a12a
950.554189423147,0.907073579181115,0.353577255035091,2.56541835274753,0.0103051471240086,0.160665871985531,Cyp4b1
557.281068593689,1.02656907529006,0.357107696938757,2.87467641859904,0.00404441753188917,0.09282408516794,Cystm1
784.253831824295,0.896952757183852,0.360137284428861,2.49058566264896,0.0127532748296074,0.178648042252958,D5Ertd579e
44.9722786055751,1.44003793992445,0.462434606687507,3.11403584225599,0.00184547069839644,0.0577761076857667,Ddit4
42.2380090303285,1.51441017000053,0.604761949343196,2.50414261619016,0.0122748544511896,0.174768666529777,Ddx10
23.5607316024103,2.74957004112417,0.830047865823499,3.3125439559998,0.000924515967415617,0.0373936396820685,Defa35
1565.42740258522,2.82230325177628,0.441083915510922,6.39856306822505,1.56845957622289e-10,6.73005545988855e-08,Dmbt1
1669.82136889107,0.858712793294803,0.313258426098958,2.74122807800719,0.00612100022178897,0.121386670058759,Dpp4
336.477117384938,0.881896624476582,0.31665526533154,2.78503698194701,0.00535216183613493,0.110630057930335,Dst
99.5422284444959,5.05545083046327,1.62936056978687,3.10272073855607,0.00191750488210934,0.0589528214378102,Duoxa2
47.1483693607721,2.12419006487126,0.482941412128091,4.3984425678282,1.09030470088745e-05,0.00123680656242049,Dusp1
30.3465654056937,1.6363210995558,0.541758436004908,3.02038877626443,0.00252450409265032,0.0697020911085013,Dusp10
670.626708450518,1.4413360548778,0.318253664520694,4.52889067922761,5.92941652720822e-06,0.000759966385805428,Dusp6
173.275535164156,1.05849771388881,0.427616925873289,2.47534101164756,0.0133109012057037,0.181443762429682,E2f2
148.56286482457,1.45212267915054,0.33584327215905,4.32381053762137,1.53357013260265e-05,0.0016631652350171,E2f3
113.225202439579,1.16736333604031,0.431325234572288,2.70645731450861,0.00680053243962664,0.127153171163599,Ecpas
172.2357125052,0.85251301093742,0.350060462257348,2.43533075812113,0.0148781827495127,0.193139259538542,Edn3
1450.50542881092,0.770980419730828,0.283505480829485,2.71945507887566,0.00653895760831477,0.125628488881267,Eef1a1
499.340721672844,0.796631732262245,0.305306293881641,2.60928696272169,0.00907311208160335,0.152117166886946,Efcab14
139.817729917455,1.27603437838945,0.409863037118286,3.11331899397697,0.00184995947195281,0.0577761076857667,Efnb2
31.2197636310222,1.87436137357191,0.669953672383784,2.79774774112766,0.00514602858631486,0.108517427603293,Egr1
178.827026242252,1.01673566364193,0.322735508502634,3.15036814002645,0.00163064846140676,0.0529370712684978,Ehd4
83.5625023716241,1.15058481173201,0.404098208243391,2.84729006033852,0.00440931664639421,0.0978320661804332,Eif1a
79.3555672946528,1.57912263429058,0.395748118368481,3.99022145904497,6.6011630671668e-05,0.00552092189066688,Eif4e3
83.9561359415355,1.10122640350334,0.45687887085046,2.41032464787319,0.015938330931676,0.199023939975775,Eif4ebp2
102.402098458525,1.66780472784783,0.531257864745684,3.13935065911205,0.00169322696044371,0.0542547301059059,Eif4ebp3
243.885282710517,1.41926372097576,0.375768964660835,3.77695832932018,0.000158755280120809,0.0115656100718033,Elovl7
684.235547018093,1.27070206710904,0.362494421482752,3.50543895796064,0.000455855020352812,0.0238033502426556,Emp1
909.922607570358,1.8252892883774,0.429314578772896,4.25163592998543,2.12214644248742e-05,0.00222802800435195,Enpep
667.050127914437,1.25561839321148,0.364260962334214,3.44702980293407,0.000566786054106595,0.0275547367880689,Entpd7
55.8370564041772,1.20893346914278,0.497171254750184,2.43162382698541,0.0150313093793126,0.193913715378347,Epg5
717.963588879121,1.13731150771785,0.349879005345425,3.25058517470923,0.00115167764639095,0.0437501291884896,Eps8
83.9779246885378,1.28738375142207,0.478421108704206,2.69090081520217,0.00712593772709169,0.129446962112006,Erdr1
152.892524538267,0.940300408274641,0.362006960311675,2.59746499753783,0.00939146914084594,0.153960812210978,Ero1a
117.558293020651,1.22887805996162,0.381732694969187,3.21921091946504,0.0012854389682091,0.0457978237446052,Errfi1
164.041034123402,1.07129849477516,0.354365873423111,3.02314239355673,0.00250164501530439,0.0697020911085013,Esyt2
77.2576389737176,1.23522213163138,0.424059832403483,2.91284870021854,0.00358148084045664,0.0859991104974856,Etv3
103.605622482306,1.13999703187193,0.367401544388404,3.10286401699706,0.00191657682474975,0.0589528214378102,Ext1
6798.65433772798,0.71835804093047,0.273481708265639,2.62671330191016,0.00862139391653722,0.147716209309559,Ezr
92.0387902747716,1.18386806376167,0.471783553820752,2.50934576708765,0.0120955023267137,0.174191148615145,F2rl1
175.283270225322,0.872563275034172,0.339630664172494,2.5691533983251,0.0101947318126374,0.159955180061874,Faf2
135.865786225365,1.18311542960021,0.347580996277071,3.4038553381011,0.000664419312299322,0.0302823013178182,Fam162a
78.1966456500592,1.41875819954386,0.466334824053637,3.04235953731963,0.00234731339956844,0.0669527050298871,Fbxo33
250.199093229257,0.966126595960273,0.375534996212914,2.5726672765606,0.0100918174544312,0.159099275491663,Fbxo34
108.989531842087,5.14039864938652,0.638844881764732,8.04639560574829,8.52680560837302e-16,1.2021577792719e-12,Fkbp5
325.886386572848,1.13150412402197,0.440311610672081,2.56978034781973,0.0101763015371421,0.159920254570152,Fos
18.1820348639589,2.36056197026728,0.782145370433438,3.018060400919,0.00254398194316885,0.0699347013847726,Fosb
142.847269899535,0.991764409069497,0.389403399190622,2.54688174559053,0.01086902582387,0.165534592370021,Fubp1
48.551424517822,6.27387825771319,0.885180607162183,7.08768154990057,1.36377335763011e-12,8.97271951096767e-10,Fut2
700.620127107755,0.751193411522637,0.311321357908031,2.41291961647087,0.0158253093217353,0.198972879613242,Galnt1
49.3947904627793,1.98904911652409,0.489876130158132,4.06031033984452,4.90075327204864e-05,0.00428013575591576,Galnt3
69.7235405685735,0.993528337217444,0.403680519751002,2.46117483655211,0.0138482863237453,0.185797444567505,Garem1
44.3443498664899,1.50651505327925,0.547745302694568,2.75039337784939,0.00595237592656056,0.119641543827345,Gbp7
13.6735831556133,2.39487980357582,0.83596004573049,2.86482567654665,0.00417238862849557,0.095317831885701,Gbp8
948.627130924018,3.27063525910237,0.939365807875929,3.48174825151221,0.000498151786962418,0.0255927931384455,Gclc
38.3353670939348,2.16857354462748,0.648822733181638,3.34232053490701,0.000830810603138072,0.0350396147109814,Gdap10
497.075229207167,1.23186498187633,0.370789044703012,3.32227987712799,0.000892850878307834,0.0365624287054772,Gfpt1
14.0949147840314,1.96521635525705,0.746014281582697,2.63428784645754,0.0084313976037173,0.145997792831277,Gm11478
144.410963163778,0.929170266804674,0.383059782751006,2.42565340619077,0.0152808560229756,0.195345554521692,Gm11545
13.7011976430873,2.63531278591089,0.840829878620729,3.13418070993597,0.00172334689254329,0.0547039247893232,Gm11772
52.5935953109124,1.64404037166102,0.611730601256868,2.68752350835998,0.00719840350794292,0.130111802600529,Gm12250
12.4026404800801,2.4910774277361,0.978715195347373,2.54525263281719,0.0109198702764342,0.165797230397122,Gm17783
16.9192599090163,2.05411005363044,0.807373881822938,2.54418690011689,0.0109532459528836,0.1660485166037,Gm24924
39.7121637116168,1.51220345208343,0.555638035299234,2.72156216100117,0.00649741641078258,0.125628488881267,Gm26944
59.1731051037432,1.3721578548584,0.501793642174113,2.73450625821658,0.00624739077738706,0.123558115394855,Gm31684
20.6950836608857,1.82437351261833,0.675237834789175,2.70182359255379,0.00689603396315291,0.128166090504059,Gm33721
11.4871661738007,3.13534342197011,0.87185078465985,3.59619269390616,0.000322908642769224,0.0191975023824667,Gm34979
11.2351527896977,2.55328146362915,0.885695653191939,2.88279778096171,0.00394160387158643,0.0917445486053927,Gm35266
35.5189719395463,1.50868392832575,0.610297863809538,2.47204523854696,0.0134342514931704,0.182872590325654,Gm39308
242.890427256277,0.770127521831186,0.31320530942705,2.45885845051601,0.0139379559718461,0.186134895109809,Gm40309
60.1213069399445,1.21443174010804,0.448387845492847,2.70844036544566,0.00676002596255177,0.127153171163599,Gm40406
17.9054899669628,2.20322507085521,0.809429713576369,2.72194735861688,0.00648984794261842,0.125628488881267,Gm41003
22.6988737430216,1.50662250504778,0.609820491782658,2.47059999680159,0.0134886601479235,0.183172386263631,Gm46914
50.8226162687074,1.39684291533833,0.553019195693466,2.52584887869351,0.0115419117905766,0.170264764515995,Gm51431
15.2562651975044,7.781231196458,3.0688195890213,2.53557792197865,0.0112261949780552,0.168632143437484,Gm52512
144.14069272636,1.03245347478911,0.395327834655317,2.6116387066175,0.00901094259583031,0.151755959860494,Gm6139
59.797912272166,2.74958450368602,0.474043817316308,5.80027500253494,6.62062526708671e-09,2.04184221127746e-06,Gm8149
131.676378593231,2.57976668679211,0.42006026850662,6.14142036323404,8.17868268581378e-10,3.22861677705185e-07,Gmds
88.7987669293391,0.932902253138346,0.375038057582559,2.48748689440133,0.0128649193501644,0.178822378967285,Gmeb1
62.9989761426671,6.36809300056838,1.36475847851471,4.66609521085291,3.06977500253381e-06,0.00043279442142866,Gml
32.4686010211908,5.45912080563981,1.05234978381178,5.18755350133299,2.1307472159718e-07,4.67296539431681e-05,Gml2
23.9792298178119,1.93976507945703,0.632948296100421,3.06465013241662,0.00217924766137902,0.0645739375094913,Gnl3
268.698912055415,1.3660965437089,0.411923293913174,3.31638575408373,0.000911898628938596,0.0371881304503926,Golgb1
450.948309640275,1.05135503627214,0.356021868507132,2.95306308199739,0.00314637659374604,0.0798029170711618,Gpat3
101.825312694986,0.960707585988356,0.372277920929082,2.58061929536607,0.00986232748860543,0.157749286847726,Gpbp1
23.4638055222969,1.72195182203761,0.6055681206985,2.84353116219428,0.00446166461845474,0.0987268343487217,Gphn
328.304551563214,1.24092525035375,0.339121341326072,3.6592366776486,0.00025296762823166,0.0162976033237967,Gpx2
240.089847219817,0.897546171050176,0.358203246411941,2.50568966094177,0.0122212834166902,0.174294575201323,Gsn
86.1395068041808,1.30357031179021,0.506588180718521,2.57323475242018,0.0100752842876458,0.159099275491663,Gsr
504.156114554979,1.05160262490192,0.431874859148773,2.43497069260903,0.0148929958971355,0.193139259538542,Gzma
74.2967748795736,1.45887326563002,0.60501697390427,2.41129311829994,0.015896067295676,0.199023939975775,Gzmb
1151.90703835283,2.62092943697849,0.883410732371269,2.96682997040723,0.0030088730327392,0.0777072146016349,H2-Ab1
76.5650669464837,1.73086952210954,0.547332115534262,3.1623752251775,0.00156487781928518,0.0521224246315571,H2-DMa
16.831825279003,1.96115571490789,0.700499993843374,2.79965129499542,0.00511578367172832,0.108110640377488,H6pd
114.180798874995,1.12380750995231,0.406685801569681,2.76333106691889,0.0057214700916247,0.116110143720163,Hdac1
572.255865645273,0.80762050654998,0.310232572637198,2.60327437472033,0.00923380230953411,0.153534329318863,Heph
11.307623037807,2.04354674184026,0.846773352262983,2.4133337880543,0.0158073358157852,0.198972879613242,Hira
215.660717149328,1.27238732958953,0.447666195318034,2.84226806244683,0.00447938107774892,0.0988971182467653,Hk2
138.891028707699,0.902578429271167,0.370369207998574,2.43696940722632,0.0148109323437674,0.193089948877993,Hnrnpr
102.720194600027,1.20877564095074,0.464856077401854,2.60032233569314,0.00931362316427243,0.153779113198167,Hook1
14.3684402337804,1.97108823339592,0.805121786475206,2.44818643155252,0.0143577343198749,0.188677070576359,Hs3st1
889.453543716557,1.26120813377976,0.456054441655491,2.76547714172357,0.0056839588495665,0.115898739434652,Hsp90b1
37.095265712059,6.52875622548992,2.13155165266348,3.06291251133039,0.00219194133809703,0.0645739375094913,Hspa1a
43.6759089684384,4.67806636423715,1.52792418730837,3.06171366557011,0.00220073862114846,0.0646401471789111,Hspa1b
1859.67619109651,1.22833496112307,0.381979989966679,3.21570499342184,0.00130124522019576,0.0460286346885734,Hspa5
524.93686291489,0.824721014282529,0.309910984449153,2.66115451102328,0.00778732127416095,0.138474006585035,Hspa8
41.6212268252152,2.62187703604052,0.636236123536245,4.12091822367447,3.77365364725044e-05,0.00351341394761459,Ido1
618.370815659188,1.27215202864862,0.272541490677224,4.66773710486249,3.04535216188556e-06,0.00043279442142866,Ifrd1
121.899301823847,1.20974395055833,0.356162840659322,3.39660349832923,0.000682277502162904,0.030746103510711,Igf2bp2
35.5009804515227,1.94586376764456,0.588395942749644,3.30706523663523,0.000942789332225302,0.0378227151208598,Il15ra
47.1585036660982,1.76048643373712,0.700674706041826,2.51255885014355,0.0119859112022594,0.174191148615145,Il33
186.464484560867,1.10655407075229,0.428914617192456,2.57989358813521,0.00988307640013977,0.157825373775048,Il4ra
19.4878454343538,3.30983945231457,0.873494808635089,3.78919189856031,0.000151138132093606,0.0111312106390433,Irgm1
93.7934553514576,1.77870204952916,0.511252705799931,3.47910540003131,0.000503090674724736,0.0255927931384455,Irgm2
757.80567380958,1.18210341366407,0.365174281421447,3.23709383109543,0.00120753700336324,0.0444670995753424,Itga6
353.89425706566,0.971770909829146,0.307961988940845,3.15548978356485,0.00160228877708315,0.0525582775308552,Jak2
427.060640872168,0.855213652276641,0.344619847128451,2.48161462377376,0.0130788638211032,0.180152626811433,Jun
73.0883658104552,1.804779522957,0.4407175613297,4.09509327813432,4.21998450228251e-05,0.00378609336845691,Kdelr3
234.004161473978,0.859579830207252,0.326903802910486,2.62945803185601,0.00855210871551159,0.147553777820601,Kdm7a
91.0503159928111,1.03978257230716,0.385960515878401,2.69401280579371,0.00705974522514442,0.1289256711755,Khdc4
641.086644674618,1.25854145458228,0.41664053657272,3.02068892512244,0.00252200316993847,0.0697020911085013,Klf6
55.5370407417377,1.35686126158164,0.468999587322808,2.89309692003571,0.00381463566357453,0.0896348556281357,Lamc2
1070.08554487751,0.863030967018917,0.271989545607974,3.17302992322664,0.00150856975368019,0.0509865578735268,Larp4b
191.841464032525,1.69160828955025,0.3630048108449,4.66001617337522,3.16184538637858e-06,0.000439496508706623,Layn
76.9443640569989,1.15040956980635,0.43077942944528,2.67053041805582,0.00757315095372373,0.135270777391258,Lgmn
34.5051237754355,1.26427241751585,0.524206660191889,2.41178243911105,0.0158747510434696,0.199023939975775,Llgl1
80.0091272937506,1.61712103559529,0.497864632812218,3.24811390289141,0.00116172755026878,0.0437501291884896,Lmtk2
15.0116815484712,2.52855377305481,0.747915646462468,3.38080074272345,0.000722749337313443,0.031842916115832,LOC115489130
21.6806125123676,2.13547405796285,0.73689854006977,2.89792141230279,0.00375644703668314,0.0892214019172791,LOC118568019
13.6305962843742,2.18048534980446,0.822348740226434,2.6515336415595,0.00801271302399932,0.140958047832174,LOC118568353
73.932812184282,1.56828323137282,0.480844494362413,3.26151853615859,0.00110817187060636,0.042888424278487,LOC118568773
2271.27877619996,0.749391443888288,0.299495263342641,2.50218128835961,0.0123430702777642,0.174768666529777,Lpgat1
64.0513366414615,1.19871865255207,0.433093380928198,2.76780644853772,0.00564349606152112,0.115311930913358,Lsm12
735.537230911623,0.811900590105615,0.323863418788238,2.50692280450632,0.0121787306256409,0.174191148615145,Luc7l2
38.9909009220152,3.79495096207839,0.790715415336958,4.79938912087758,1.59150315601976e-06,0.000245414760105609,Ly6d
108.900074615607,2.60049986354984,0.452597148791357,5.74572745430318,9.15266303955588e-09,2.50910087603825e-06,Ly6m
2317.99889559232,1.07723722285453,0.349017286589627,3.08648672786555,0.00202536988115059,0.0615026934063853,Lypd8
90.6064071645588,1.00019041984929,0.40642127187532,2.46096966144066,0.0138562082482201,0.185797444567505,Lysmd4
167.946727527868,0.951878576197202,0.337059615839414,2.82406592622092,0.00474186301807127,0.102177829968003,Maco1
121.001843834371,1.11291016775192,0.413160853053057,2.69364863473404,0.00706746257026504,0.1289256711755,Man2a1
100.894767870826,0.943406652698175,0.369870227442741,2.55064231371319,0.0107524614989956,0.165032725557679,Map3k2
252.579867883077,1.02057834148727,0.395908574560349,2.57781317977417,0.00994277369810942,0.158266505849422,Mcfd2
69.0776346690026,1.17359394054484,0.436205906003601,2.69045862147302,0.00713538832596325,0.129446962112006,Meis2
4639.13832575078,0.713415816948256,0.276024908548723,2.58460665995412,0.00974901455732213,0.15695436324015,Mep1b
120.70029138877,1.29385315665597,0.431701033972795,2.99710460442748,0.00272557171988342,0.0723082454395953,Met
12959.6096178427,1.4342087436651,0.383307455514314,3.74166670392754,0.000182803854157602,0.0129790736451897,Mgam
495.604393708872,1.69664261639492,0.342966202522806,4.9469673802103,7.53786021450372e-07,0.000145864985209681,Mgst1
165.217634026963,0.892685738876931,0.344400218400904,2.59200108240868,0.00954194713757718,0.154630184146172,Mindy2
114.50706984778,1.31768919830147,0.417488537453275,3.15622844722759,0.00159823630062482,0.0525582775308552,Mob3c
28.6376586269101,2.46259463644926,0.572185998148433,4.30383589325517,1.67866026478156e-05,0.00178136539280959,Mpp7
8.2729592584161,4.94550751735657,1.48571277820565,3.32871036037627,0.000872490881077642,0.0360276673864236,Mptx2
5490.03536461076,4.3577872877877,0.375507496761272,11.6050606855345,3.88411977980155e-31,1.91661890534308e-27,Mt1
3017.52995943443,6.13303078930362,0.363699977698229,16.862884699961,8.43688402290929e-64,8.32636084220917e-60,Mt2
24.9630149038103,8.47435509219742,2.98542865278032,2.83857230495369,0.00453158512769747,0.0992066555400285,Mt4
67.1124789788132,1.0317781375979,0.420372257104823,2.45443917898849,0.0141104532045196,0.186920889497186,Mtss1
4914.51655707286,0.878153353043329,0.280193969737492,3.13409083666595,0.00172387482110442,0.0547039247893232,Mttp
34.0800147909146,2.08803967198798,0.65955457336896,3.16583305809316,0.00154639515967514,0.0517334706129964,Muc4
16.3386219761801,3.19223672600495,1.10253424027703,2.89536289158951,0.00378720433497743,0.0894019175140835,Muc6
28.7426459037477,1.62729816420017,0.545524914061489,2.98299513414478,0.00285442532323818,0.0749210731782914,Myadm
140.81276504373,1.08029842858844,0.398489000798532,2.71098681876696,0.00670832929608619,0.127071980466554,Myo10
139.326623459813,1.08569436198774,0.367302854472502,2.95585604295656,0.00311802585482645,0.0795136877552513,Nampt
2787.96093932406,0.722181941148649,0.276395324949339,2.61285874238654,0.0089788404535567,0.151473805873762,Neat1
243.63832183296,1.15710957547485,0.35601521222089,3.25016891344778,0.00115336480589421,0.0437501291884896,Nfat5
1525.10551035539,2.13858600264561,0.396360733100905,5.39555466535374,6.83121897684132e-08,1.68543250206117e-05,Nfkbia
155.385861590411,1.66098692975993,0.384400018728872,4.3209855588781,1.5533384077741e-05,0.00166629312460028,Nfkbiz
27.2650502162425,1.87067809037093,0.590219793295329,3.16946010896469,0.00152722420559634,0.0512659036905793,Nfxl1
428.320221439387,1.06256171719393,0.377890838585892,2.81182185090846,0.00492617789344629,0.105107680236884,Nktr
139.58088564551,4.30928142832528,0.994859360448582,4.33154835712881,1.48064419293609e-05,0.00162360861556515,Nos2
203.282098080085,1.68874296735673,0.515800057790742,3.2740263244442,0.00106026733454097,0.0415165809174367,Nt5e
10.8081877055246,7.27383820207202,1.47283416378764,4.93866748946542,7.8658202663415e-07,0.000149284192708701,Olfr1033
96.010417782618,1.32639855902626,0.393859843120894,3.36769178730192,0.000758002842956702,0.0329547579609678,Osbp
74.257319354607,1.15460669973559,0.469342136894357,2.46005335761164,0.0138916361034159,0.185955400411522,Ost4
1330.16486777171,1.00392711166027,0.317537668460457,3.1616000600108,0.00156904901222523,0.0521224246315571,Pabpc1
2581.12123705724,0.707813202498465,0.260349057325258,2.71870852835155,0.00655373309000503,0.125628488881267,Papss2
615.319286706456,0.916875533568391,0.341263235832218,2.68671054276463,0.00721594551932942,0.130190432048011,Parp14
742.859361625919,1.17454293685732,0.281761103891853,4.16857728278967,3.06506836836989e-05,0.00302491597274424,Pcsk5
118.66166301266,1.02876736237637,0.377716160201229,2.72365196614381,0.00645645045764792,0.125628488881267,Pdcd10
298.634062003467,0.891974393692248,0.355625611063921,2.50818379200457,0.0121353528317935,0.174191148615145,Pdgfa
120.022927544115,0.939020847480259,0.37818655613471,2.48295671077683,0.0130296920788477,0.18009808280973,Pdlim5
77.111560882456,1.21205010499216,0.430637934428848,2.81454560337258,0.00488462466434954,0.104957845720365,Pfkfb2
196.281507721483,2.33912309234182,0.438549214776406,5.33377557986148,9.61913961127644e-08,2.31539728838261e-05,Pfkfb3
80.8539504606231,1.12102586949137,0.460750686461626,2.43304221226535,0.0149725552476303,0.193408570338827,Phactr2
254.283382053639,2.71087578694299,0.352128359518303,7.69854433380873,1.37624986260081e-14,1.46769069627491e-11,Phlda1
6194.1299972079,1.39812324472893,0.420168389377934,3.32753077117218,0.000876193119094115,0.0360297912180826,Pigr
264.721700175756,1.30598726441491,0.404354733942098,3.2298057986924,0.00123874329112068,0.0449270797866244,Pik3c2a
59.7896926253341,1.46145996907832,0.457247865389804,3.19620949533013,0.00139245968570363,0.0486762618029547,Plce1
22.9522050898867,3.76938412660061,0.918309403260901,4.10469947625015,4.04840816683995e-05,0.00369702650197691,Plet1
240.608763524444,1.08579247261523,0.300473635784796,3.61360313619291,0.000301971157829748,0.0182831494271275,Plxna2
99.1008021938995,1.84795833174124,0.411283397344807,4.49315081442971,7.01770483423635e-06,0.000865721612613482,Pnliprp2
301.178162986917,1.56715933409476,0.32611930662794,4.80547855414977,1.54381786763001e-06,0.000241840294216518,Pnrc1
82.6729450691611,1.23495067875566,0.38658710337364,3.1944952844484,0.00140075573533683,0.0486762618029547,Ppm1l
49.9023267990095,1.51974388390964,0.442101896544978,3.43754210462888,0.00058701944731595,0.0281227909007821,Ppp2r3a
178.738135865164,1.14031615867618,0.353293497645571,3.2276737790973,0.00124801210201157,0.0449512096158838,Ppt1
66.7077205550344,1.32342326593182,0.463578810649355,2.85479671531588,0.00430643837882933,0.0974776155061162,Prdm1
42.1688143206784,2.45501307140364,0.61827048859526,3.97077511653766,7.16391768839895e-05,0.00574802468835848,Prodh
382.486466648124,1.21791499755308,0.412641100513165,2.95151160666853,0.00316222661310589,0.0798158937205678,Prpf4b
101.358554126735,1.17972874824692,0.487416408625391,2.42037142650569,0.0155046612097669,0.197342019570707,Prss32
211.367146737213,0.863120623455204,0.322471364711849,2.67658067632288,0.00743776567486252,0.133947644973026,Pstpip2
336.848518417393,1.15066163703154,0.336967222279312,3.41475835319601,0.000638386198743573,0.0295785605417855,Ptger4
35.8115157742442,1.36864471904883,0.552242736524427,2.47833901385916,0.0131995661959032,0.180830727201246,Ptk6
141.208782852184,0.95379616841058,0.368390393836128,2.58909076992616,0.00962297250646131,0.15543226786623,Ptpn12
780.892422249511,0.897687313815202,0.282597038233235,3.17656306459347,0.00149031382948642,0.050702545435876,Raph1
445.222744193715,0.809644130534244,0.284370448023687,2.84714581336105,0.00441131517380614,0.0978320661804332,Rbp2
23389.8709704377,5.52871938625578,0.701108737008455,7.88568034374546,3.12826446905799e-15,3.85910525564167e-12,Reg3b
17415.5156118981,4.77962898892028,0.428059969994405,11.1657929354682,5.9953816977824e-29,1.97228073251382e-25,Reg3g
363.646793690219,1.20505944955122,0.399874185417664,3.01359650984358,0.00258170912489901,0.0703836667227303,Resf1
282.222787717181,0.940476550999179,0.335565009605607,2.80266572520338,0.00506821697604939,0.107335264670883,Rhou
114.717268970353,1.04170499161079,0.361455137709358,2.88197588838374,0.00395189972902072,0.0917677610016599,Ripk1
255.359810235823,0.92799751137947,0.304871828850677,3.04389393693044,0.00233537459791257,0.0669527050298871,Rnasel
29.2465707742238,1.74450704763186,0.578594192237726,3.01507873918496,0.00256912550103299,0.0702346248467995,Rnd3
202.261243739036,2.12260215642356,0.405988550716442,5.22823156632825,1.71139079779679e-07,3.83857176896739e-05,Rnf125
8.06656813412863,4.3010627457226,1.299295819115,3.31030292135644,0.00093195053984314,0.0375404892967835,Rnf165
21.6730429202706,1.99771257966524,0.686322717777164,2.91074814794906,0.00360564524262983,0.0863692060667811,Rnf24
123.017232597322,1.32956998791764,0.395694231371759,3.36009444289446,0.000779158324714732,0.0337259364324986,Rpl12
483.309760662951,0.750544710693463,0.281720411908178,2.66414742762086,0.00771837280032439,0.137495706076537,Rpl13a
289.923034200161,0.758947061783247,0.307207007752206,2.47047444437015,0.0134933959685541,0.183172386263631,Rpl17
313.834311914182,0.991421016170642,0.321926795732892,3.07964738975391,0.00207245797659177,0.0625476690244165,Rpl39
342.052338679082,0.770536431362718,0.29928939776855,2.5745530483462,0.0100369693680512,0.159099275491663,Rpsa
1266.60285363666,0.9778422538461,0.295024386867361,3.31444550814616,0.00091825075663515,0.037293072910421,S100a10
26.5119363014955,6.4830026869441,1.33354338096618,4.86148615746345,1.1650772905832e-06,0.000198243927254579,Saa1
56.8915572639558,1.45306110369038,0.58383138027016,2.48883693613385,0.0128161732612316,0.178648042252958,Scd2
225.762142917435,1.31319888078284,0.435260731842892,3.0170396378804,0.00255256431783773,0.069975714590946,Sdhd
252.356350675656,0.951102531358307,0.375786188209919,2.53096723934678,0.0113748472247538,0.169318804315377,Sec63
409.508132592904,1.46223617005276,0.314917180627587,4.64324038192748,3.42986903965265e-06,0.000463690103456602,Selenoi
38.695088730995,1.80278140408324,0.511608873424453,3.52374928921058,0.000425486637527519,0.0224552279452358,Sema6d
43.921401156826,1.48317466644704,0.48135235685264,3.08126603169639,0.00206122396899539,0.0623994458589433,Septin11
2056.37866730591,0.734532780128119,0.277717991899364,2.6448872653317,0.00817181374529749,0.142953864145802,Serinc3
2943.81130362915,0.735624168604334,0.272430088186126,2.70023099688516,0.0069291347001995,0.128166090504059,Serpinb1a
880.408530082779,1.30017259754855,0.394386669866053,3.29669508857927,0.000978296454084243,0.0390882903050907,Sfn
157.221191873535,1.17584482825171,0.350799142430768,3.35190337155335,0.00080258025988649,0.034437672107912,Sgpp2
46.7056812301734,1.27560575377287,0.47381733425847,2.69218887014594,0.0070984733215343,0.129252459797458,Slc10a5
299.216084047398,1.01924155235011,0.376265433879722,2.70883653021373,0.00675195980060473,0.127153171163599,Slc11a2
1648.12066823505,1.148803020574,0.288296261699757,3.98480026692267,6.75369083402374e-05,0.00554900106864784,Slc13a1
724.280591848759,1.27203983330058,0.290678311842166,4.37610850716401,1.20816887752815e-05,0.00135493393776424,Slc23a4
1833.17344930232,1.33873258994089,0.349972124338596,3.82525491843367,0.000130636838834426,0.00969364633426276,Slc28a2
603.792103243663,1.72479038789561,0.375609437198461,4.59197830800052,4.3906401374935e-06,0.000585557128607072,Slc28a2b
137.68434313048,1.74779138908504,0.375354712565935,4.65637257392373,3.21829312878517e-06,0.000441129651221956,Slc30a1
325.437174872105,2.4612277024078,0.348647528107043,7.05935795894169,1.6727366265518e-12,1.03176486046498e-09,Slc30a2
323.362276664237,0.915383324569504,0.29987373320405,3.05256253953603,0.00226896445540509,0.0660543074052885,Slc35f2
86.2845689406742,1.42509534705793,0.400456254237146,3.55867921147263,0.000372724431227612,0.0209000989305983,Slc38a2
330.80332857413,1.09566981659629,0.359077539463508,3.0513460079773,0.00227817874798293,0.0661274884230692,Slc39a14
13.6386662199641,2.48376449278291,0.814899696543413,3.04793890992766,0.00230416764202273,0.0664907323366149,Slc39a8
210.428524177811,0.854186997020392,0.313038723137397,2.72869435595506,0.00635856080733594,0.124756732818287,Slc51b
12090.656535962,1.0166289565666,0.31329085742151,3.2450003965446,0.00117450460100285,0.0438566017456747,Slc5a1
949.810744697092,1.01803232953228,0.377266773291182,2.69844153157516,0.00696649742323649,0.128166090504059,Slc5a12
18.602968698962,2.52569243454804,0.710744347687283,3.5535877883046,0.000380014340956516,0.0211191593032606,Slc5a3
1332.18399776006,1.2031967936622,0.400900976350428,3.00123188677515,0.00268889714687419,0.0719152464566434,Slc6a6
37.6976511854623,1.58391475813034,0.603947415693881,2.62260375153781,0.00872606945995018,0.148992352076554,Slco3a1
25.2888652558815,1.64268196415624,0.640245341218898,2.56570701635861,0.0102965758639152,0.160665871985531,Slco4a1
86.0980254738437,2.28720645908145,0.564816843162211,4.04946574588,5.13346907146538e-05,0.00440540924054711,Slfn2
2913.13110941648,0.769074206061541,0.314139565342679,2.4481927490496,0.0143574825612251,0.188677070576359,Smim24
1508.52076246504,0.996166260897935,0.293465527647118,3.39449157413742,0.000687561557287506,0.0308433864039564,Smpdl3b
107.818182024269,1.23868608883294,0.41191582899792,3.00713398619889,0.00263723495898153,0.0713064981101062,Snapc3
226.483925187874,1.10165269642631,0.400692039536091,2.7493750504796,0.00597090227691159,0.119769988965123,Snx9
258.620511937004,1.40892596569828,0.418204264655977,3.36898995245132,0.000754441789596163,0.0329450708917015,Spag9
274.317671949918,1.25613298716097,0.367002585891036,3.42268157078849,0.000620066696701593,0.0291401820464191,Spink4
24.6079436430821,1.97776766738135,0.806190300062526,2.4532268215432,0.0141581032127716,0.187217997835793,Spn
67.5858430404978,1.18616693135708,0.455844670603306,2.60212964602,0.00926468213367431,0.153534329318863,Spred2
15.897832497288,1.91983646600729,0.708512189641942,2.70967316310749,0.006734953850367,0.127153171163599,Sprr1a
343.133425312167,0.94258906479725,0.330962926908763,2.84802008974587,0.00439921474251085,0.0978320661804332,Suco
296.237003430631,1.85382301688899,0.362115557695454,5.11942383444373,3.06470509815522e-07,6.57512491602041e-05,Sult6b2
159.743733754019,0.979272423896981,0.393452978594461,2.48891856758907,0.0128132310333262,0.178648042252958,Taf1d
230.711554929551,1.09147503642183,0.433968787551085,2.51510031995872,0.011899851751301,0.173727273570399,Tap1
90.7364994722138,1.17588720222466,0.432676564318587,2.71770486131259,0.00657364465479845,0.125628488881267,Tbc1d1
35.2101606371984,1.96638694958562,0.536859130647933,3.66276149054669,0.00024951083773494,0.0162976033237967,Tbrg3
958.21108000312,0.893612359844145,0.295202695837634,3.0271144960534,0.0024690041910743,0.069027202157825,Tcf7l2
168.485618638429,2.15119111013257,0.374184704721727,5.74900866600726,8.97682175066161e-09,2.50910087603825e-06,Tfrc
730.485277491832,2.30315604285745,0.827843533486832,2.78211515786888,0.00540058733755614,0.111224826149418,Tgm2
106.112529034367,3.11815424234676,0.57540369482292,5.41907233200226,5.99090774926555e-08,1.51600688660261e-05,Tifa
132.561155842271,0.95366717486764,0.365518720614999,2.60907888182323,0.00907863119833935,0.152117166886946,Timm8b
127.481005123188,1.09194204770515,0.419513247110312,2.60287858661594,0.00924446855452306,0.153534329318863,Tle1
2523.83473186334,1.1736099916941,0.320332599533779,3.663723247032,0.000248575363724759,0.0162976033237967,Tm4sf20
492.797173452316,0.950668188608654,0.313620877198674,3.03126563862782,0.00243530893088949,0.0686936288389751,Tmcc3
470.304783182383,0.933701172993814,0.360067601694957,2.5931274255128,0.00951075251529518,0.154630184146172,Tmem161b
22.0385291776331,1.50431821315849,0.615503394673411,2.44404535568271,0.014523600551621,0.19060294394142,Tmem39a
380.785344521136,0.968501198439309,0.362458648412336,2.67203225162814,0.00753934018810544,0.135270777391258,Tmprss15
683.179818391028,1.12275640414762,0.353060112763428,3.18007150499024,0.00147238715460615,0.0506306230968924,Tmsb4x
18.3191182069875,2.57739769597883,0.750579138123952,3.43387867456715,0.00059501045532959,0.028324895067854,Tmx4
32.2094506663198,2.45535246498009,0.631284195669099,3.88945657411502,0.000100468944054175,0.00780730715646181,Tnfaip3
789.926408575194,0.981958586578521,0.403200048534621,2.43541286799772,0.0148748065555667,0.193139259538542,Top1
93.8544652538357,1.18821643980021,0.418216521194788,2.84115136438331,0.004495097142467,0.0989479305393181,Tpp2
348.19680246103,0.966260625055686,0.327284971240469,2.95235256722417,0.00315362626991115,0.0798029170711618,Trib1
99.8544438492812,1.1004536703859,0.393806492426457,2.79440205164065,0.00519957894474194,0.109412888284986,Trim15
45.8453575327925,1.40337526531858,0.557111364449117,2.51902106988298,0.0117681614431622,0.172570557626401,Trp53bp2
77.9491426971787,1.10538325194689,0.432929216617781,2.55326554438296,0.0106718099736848,0.164562644734836,Tsc22d2
455.363212533119,0.87513331288493,0.346878687668611,2.52288002692453,0.011639810485855,0.171197153032643,Tut7
145.169590791008,5.11189380454623,0.713911189440689,7.16040577617381,8.04386027802586e-13,6.61540475698643e-10,Ubd
294.448900547129,1.23265762205731,0.370277361423165,3.32901157478162,0.000871547822296372,0.0360276673864236,Unc5cl
141.127387761607,0.99103498599146,0.376145990594844,2.63470835997539,0.00842096020705834,0.145997792831277,Usp16
267.898076495413,0.941016788408213,0.339635317626332,2.77066824199809,0.00559413919096861,0.114540580239978,Usp3
132.362328875295,1.03728855467779,0.42803721441204,2.42336067928726,0.0153776504762105,0.196328632017751,Vegfa
79.1844784159267,1.30512070726715,0.449842074062063,2.90128643477464,0.00371634004778637,0.0885907244724726,Vkorc1l1
99.5232934112032,1.48459483169421,0.398213766256082,3.72813538228989,0.000192901748629156,0.0135981954087224,Vps13a
15.2203935654288,3.41344782133403,0.951026159161647,3.58922600440672,0.000331661217574772,0.0192539091543849,Wtip
896.226108626115,0.887607083653159,0.299247141783482,2.96613387303589,0.00301569188290872,0.0777072146016349,Xiap
783.927525516227,0.901935147277025,0.282314649920233,3.19478690720395,0.00139934119610289,0.0486762618029547,Ybx1
103.875497735035,0.972035900807713,0.39140708611898,2.48343971093113,0.0130120358435883,0.18009808280973,Ypel2
326.370251515732,0.965345544964734,0.400431850385912,2.41076114208795,0.0159192702953561,0.199023939975775,Zbed6
54.4023894640673,2.21132071987544,0.612745467184025,3.60887324069151,0.000307529820949217,0.0185061695301697,Zbp1
14.8629908856458,2.62238363456736,0.783249807354086,3.34808079101365,0.000813732857117691,0.0346152136504073,Zbtb16
98.3818950746141,2.23630897207308,0.478297000528685,4.6755655368969,2.93144638514897e-06,0.000425447711397576,Zc3h12a
157.792145584245,1.16305708146281,0.33455253940036,3.47645569675672,0.000508088166104699,0.0256421382682426,Zc3h7a
47.9743150902335,1.32647875993181,0.506413128767707,2.61936092209858,0.00880946864399074,0.149639666174776,Zcchc2
269.140442026498,1.11909903705271,0.376779626349126,2.97016865772818,0.00297636292078911,0.0772992780664941,Zcchc7
75.4138108416375,1.22183939237386,0.419053015692734,2.91571554580999,0.00354873883990327,0.0856295931809423,Zdhhc21
64.6437679785788,1.40874169089455,0.451439312143887,3.12055608140202,0.00180509922765472,0.0569154130278735,Zfp131
368.130191919611,0.733657265121757,0.29002279196393,2.52965382532074,0.0114175113536092,0.169442736163562,Zfp91
59.6329858205752,1.50433803713651,0.621726575814209,2.41961353375708,0.0155370097483473,0.197342019570707,Zup1
75.0855815866538,1.05677184650433,0.430317344540353,2.45579654158056,0.0140572719484501,0.186920889497186,Zyg11b
